Date,Ticker,Name,Tier,Currency,Docclause,Tenor,Composite Price (Basis Points)
14-May-07,FNMA,Fed Natl Mtg Assn,SNRFOR,USD,MR,5Y,10
15-May-07,FNMA,Fed Natl Mtg Assn,SNRFOR,USD,MR,5Y,10
16-May-07,FNMA,Fed Natl Mtg Assn,SNRFOR,USD,MR,5Y,10
17-May-07,FNMA,Fed Natl Mtg Assn,SNRFOR,USD,MR,5Y,10
18-May-07,FNMA,Fed Natl Mtg Assn,SNRFOR,USD,MR,5Y,10
21-May-07,FNMA,Fed Natl Mtg Assn,SNRFOR,USD,MR,5Y,9
22-May-07,FNMA,Fed Natl Mtg Assn,SNRFOR,USD,MR,5Y,9
23-May-07,FNMA,Fed Natl Mtg Assn,SNRFOR,USD,MR,5Y,9
24-May-07,FNMA,Fed Natl Mtg Assn,SNRFOR,USD,MR,5Y,9
25-May-07,FNMA,Fed Natl Mtg Assn,SNRFOR,USD,MR,5Y,9
28-May-07,FNMA,Fed Natl Mtg Assn,SNRFOR,USD,MR,5Y,9
29-May-07,FNMA,Fed Natl Mtg Assn,SNRFOR,USD,MR,5Y,9
30-May-07,FNMA,Fed Natl Mtg Assn,SNRFOR,USD,MR,5Y,9
31-May-07,FNMA,Fed Natl Mtg Assn,SNRFOR,USD,MR,5Y,8
1-Jun-07,FNMA,Fed Natl Mtg Assn,SNRFOR,USD,MR,5Y,8
4-Jun-07,FNMA,Fed Natl Mtg Assn,SNRFOR,USD,MR,5Y,8
5-Jun-07,FNMA,Fed Natl Mtg Assn,SNRFOR,USD,MR,5Y,8
6-Jun-07,FNMA,Fed Natl Mtg Assn,SNRFOR,USD,MR,5Y,8
7-Jun-07,FNMA,Fed Natl Mtg Assn,SNRFOR,USD,MR,5Y,8
8-Jun-07,FNMA,Fed Natl Mtg Assn,SNRFOR,USD,MR,5Y,8
11-Jun-07,FNMA,Fed Natl Mtg Assn,SNRFOR,USD,MR,5Y,8
12-Jun-07,FNMA,Fed Natl Mtg Assn,SNRFOR,USD,MR,5Y,8
13-Jun-07,FNMA,Fed Natl Mtg Assn,SNRFOR,USD,MR,5Y,8
14-Jun-07,FNMA,Fed Natl Mtg Assn,SNRFOR,USD,MR,5Y,8
15-Jun-07,FNMA,Fed Natl Mtg Assn,SNRFOR,USD,MR,5Y,8
18-Jun-07,FNMA,Fed Natl Mtg Assn,SNRFOR,USD,MR,5Y,8
19-Jun-07,FNMA,Fed Natl Mtg Assn,SNRFOR,USD,MR,5Y,8
20-Jun-07,FNMA,Fed Natl Mtg Assn,SNRFOR,USD,MR,5Y,9
21-Jun-07,FNMA,Fed Natl Mtg Assn,SNRFOR,USD,MR,5Y,9
22-Jun-07,FNMA,Fed Natl Mtg Assn,SNRFOR,USD,MR,5Y,9
25-Jun-07,FNMA,Fed Natl Mtg Assn,SNRFOR,USD,MR,5Y,9
26-Jun-07,FNMA,Fed Natl Mtg Assn,SNRFOR,USD,MR,5Y,9
27-Jun-07,FNMA,Fed Natl Mtg Assn,SNRFOR,USD,MR,5Y,9
28-Jun-07,FNMA,Fed Natl Mtg Assn,SNRFOR,USD,MR,5Y,9
29-Jun-07,FNMA,Fed Natl Mtg Assn,SNRFOR,USD,MR,5Y,10
2-Jul-07,FNMA,Fed Natl Mtg Assn,SNRFOR,USD,MR,5Y,9
3-Jul-07,FNMA,Fed Natl Mtg Assn,SNRFOR,USD,MR,5Y,9
4-Jul-07,FNMA,Fed Natl Mtg Assn,SNRFOR,USD,MR,5Y,9
5-Jul-07,FNMA,Fed Natl Mtg Assn,SNRFOR,USD,MR,5Y,9
6-Jul-07,FNMA,Fed Natl Mtg Assn,SNRFOR,USD,MR,5Y,9
9-Jul-07,FNMA,Fed Natl Mtg Assn,SNRFOR,USD,MR,5Y,9
10-Jul-07,FNMA,Fed Natl Mtg Assn,SNRFOR,USD,MR,5Y,10
11-Jul-07,FNMA,Fed Natl Mtg Assn,SNRFOR,USD,MR,5Y,12
12-Jul-07,FNMA,Fed Natl Mtg Assn,SNRFOR,USD,MR,5Y,11
13-Jul-07,FNMA,Fed Natl Mtg Assn,SNRFOR,USD,MR,5Y,11
16-Jul-07,FNMA,Fed Natl Mtg Assn,SNRFOR,USD,MR,5Y,11
17-Jul-07,FNMA,Fed Natl Mtg Assn,SNRFOR,USD,MR,5Y,11
18-Jul-07,FNMA,Fed Natl Mtg Assn,SNRFOR,USD,MR,5Y,13
19-Jul-07,FNMA,Fed Natl Mtg Assn,SNRFOR,USD,MR,5Y,12
20-Jul-07,FNMA,Fed Natl Mtg Assn,SNRFOR,USD,MR,5Y,18
23-Jul-07,FNMA,Fed Natl Mtg Assn,SNRFOR,USD,MR,5Y,18
24-Jul-07,FNMA,Fed Natl Mtg Assn,SNRFOR,USD,MR,5Y,19
25-Jul-07,FNMA,Fed Natl Mtg Assn,SNRFOR,USD,MR,5Y,21
26-Jul-07,FNMA,Fed Natl Mtg Assn,SNRFOR,USD,MR,5Y,23
27-Jul-07,FNMA,Fed Natl Mtg Assn,SNRFOR,USD,MR,5Y,29
30-Jul-07,FNMA,Fed Natl Mtg Assn,SNRFOR,USD,MR,5Y,29
31-Jul-07,FNMA,Fed Natl Mtg Assn,SNRFOR,USD,MR,5Y,29
1-Aug-07,FNMA,Fed Natl Mtg Assn,SNRFOR,USD,MR,5Y,34
2-Aug-07,FNMA,Fed Natl Mtg Assn,SNRFOR,USD,MR,5Y,34
3-Aug-07,FNMA,Fed Natl Mtg Assn,SNRFOR,USD,MR,5Y,36
6-Aug-07,FNMA,Fed Natl Mtg Assn,SNRFOR,USD,MR,5Y,36
7-Aug-07,FNMA,Fed Natl Mtg Assn,SNRFOR,USD,MR,5Y,35
8-Aug-07,FNMA,Fed Natl Mtg Assn,SNRFOR,USD,MR,5Y,32
9-Aug-07,FNMA,Fed Natl Mtg Assn,SNRFOR,USD,MR,5Y,33
10-Aug-07,FNMA,Fed Natl Mtg Assn,SNRFOR,USD,MR,5Y,33
13-Aug-07,FNMA,Fed Natl Mtg Assn,SNRFOR,USD,MR,5Y,31
14-Aug-07,FNMA,Fed Natl Mtg Assn,SNRFOR,USD,MR,5Y,32
15-Aug-07,FNMA,Fed Natl Mtg Assn,SNRFOR,USD,MR,5Y,32
16-Aug-07,FNMA,Fed Natl Mtg Assn,SNRFOR,USD,MR,5Y,33
17-Aug-07,FNMA,Fed Natl Mtg Assn,SNRFOR,USD,MR,5Y,32
20-Aug-07,FNMA,Fed Natl Mtg Assn,SNRFOR,USD,MR,5Y,30
21-Aug-07,FNMA,Fed Natl Mtg Assn,SNRFOR,USD,MR,5Y,30
22-Aug-07,FNMA,Fed Natl Mtg Assn,SNRFOR,USD,MR,5Y,27
23-Aug-07,FNMA,Fed Natl Mtg Assn,SNRFOR,USD,MR,5Y,27
24-Aug-07,FNMA,Fed Natl Mtg Assn,SNRFOR,USD,MR,5Y,26
27-Aug-07,FNMA,Fed Natl Mtg Assn,SNRFOR,USD,MR,5Y,26
28-Aug-07,FNMA,Fed Natl Mtg Assn,SNRFOR,USD,MR,5Y,26
29-Aug-07,FNMA,Fed Natl Mtg Assn,SNRFOR,USD,MR,5Y,27
30-Aug-07,FNMA,Fed Natl Mtg Assn,SNRFOR,USD,MR,5Y,30
31-Aug-07,FNMA,Fed Natl Mtg Assn,SNRFOR,USD,MR,5Y,30
3-Sep-07,FNMA,Fed Natl Mtg Assn,SNRFOR,USD,MR,5Y,30
4-Sep-07,FNMA,Fed Natl Mtg Assn,SNRFOR,USD,MR,5Y,30
5-Sep-07,FNMA,Fed Natl Mtg Assn,SNRFOR,USD,MR,5Y,30
6-Sep-07,FNMA,Fed Natl Mtg Assn,SNRFOR,USD,MR,5Y,29
7-Sep-07,FNMA,Fed Natl Mtg Assn,SNRFOR,USD,MR,5Y,30
10-Sep-07,FNMA,Fed Natl Mtg Assn,SNRFOR,USD,MR,5Y,29
11-Sep-07,FNMA,Fed Natl Mtg Assn,SNRFOR,USD,MR,5Y,28
12-Sep-07,FNMA,Fed Natl Mtg Assn,SNRFOR,USD,MR,5Y,28
13-Sep-07,FNMA,Fed Natl Mtg Assn,SNRFOR,USD,MR,5Y,27
14-Sep-07,FNMA,Fed Natl Mtg Assn,SNRFOR,USD,MR,5Y,26
17-Sep-07,FNMA,Fed Natl Mtg Assn,SNRFOR,USD,MR,5Y,24
18-Sep-07,FNMA,Fed Natl Mtg Assn,SNRFOR,USD,MR,5Y,22
19-Sep-07,FNMA,Fed Natl Mtg Assn,SNRFOR,USD,MR,5Y,20
20-Sep-07,FNMA,Fed Natl Mtg Assn,SNRFOR,USD,MR,5Y,20
21-Sep-07,FNMA,Fed Natl Mtg Assn,SNRFOR,USD,MR,5Y,19
24-Sep-07,FNMA,Fed Natl Mtg Assn,SNRFOR,USD,MR,5Y,19
25-Sep-07,FNMA,Fed Natl Mtg Assn,SNRFOR,USD,MR,5Y,18
26-Sep-07,FNMA,Fed Natl Mtg Assn,SNRFOR,USD,MR,5Y,19
27-Sep-07,FNMA,Fed Natl Mtg Assn,SNRFOR,USD,MR,5Y,19
28-Sep-07,FNMA,Fed Natl Mtg Assn,SNRFOR,USD,MR,5Y,19
1-Oct-07,FNMA,Fed Natl Mtg Assn,SNRFOR,USD,MR,5Y,19
2-Oct-07,FNMA,Fed Natl Mtg Assn,SNRFOR,USD,MR,5Y,19
3-Oct-07,FNMA,Fed Natl Mtg Assn,SNRFOR,USD,MR,5Y,19
4-Oct-07,FNMA,Fed Natl Mtg Assn,SNRFOR,USD,MR,5Y,19
5-Oct-07,FNMA,Fed Natl Mtg Assn,SNRFOR,USD,MR,5Y,19
8-Oct-07,FNMA,Fed Natl Mtg Assn,SNRFOR,USD,MR,5Y,19
9-Oct-07,FNMA,Fed Natl Mtg Assn,SNRFOR,USD,MR,5Y,17
10-Oct-07,FNMA,Fed Natl Mtg Assn,SNRFOR,USD,MR,5Y,17
11-Oct-07,FNMA,Fed Natl Mtg Assn,SNRFOR,USD,MR,5Y,17
12-Oct-07,FNMA,Fed Natl Mtg Assn,SNRFOR,USD,MR,5Y,17
15-Oct-07,FNMA,Fed Natl Mtg Assn,SNRFOR,USD,MR,5Y,18
16-Oct-07,FNMA,Fed Natl Mtg Assn,SNRFOR,USD,MR,5Y,19
17-Oct-07,FNMA,Fed Natl Mtg Assn,SNRFOR,USD,MR,5Y,20
18-Oct-07,FNMA,Fed Natl Mtg Assn,SNRFOR,USD,MR,5Y,20
19-Oct-07,FNMA,Fed Natl Mtg Assn,SNRFOR,USD,MR,5Y,23
22-Oct-07,FNMA,Fed Natl Mtg Assn,SNRFOR,USD,MR,5Y,24
23-Oct-07,FNMA,Fed Natl Mtg Assn,SNRFOR,USD,MR,5Y,24
24-Oct-07,FNMA,Fed Natl Mtg Assn,SNRFOR,USD,MR,5Y,25
25-Oct-07,FNMA,Fed Natl Mtg Assn,SNRFOR,USD,MR,5Y,26
26-Oct-07,FNMA,Fed Natl Mtg Assn,SNRFOR,USD,MR,5Y,26
29-Oct-07,FNMA,Fed Natl Mtg Assn,SNRFOR,USD,MR,5Y,26
30-Oct-07,FNMA,Fed Natl Mtg Assn,SNRFOR,USD,MR,5Y,28
31-Oct-07,FNMA,Fed Natl Mtg Assn,SNRFOR,USD,MR,5Y,28
1-Nov-07,FNMA,Fed Natl Mtg Assn,SNRFOR,USD,MR,5Y,35
2-Nov-07,FNMA,Fed Natl Mtg Assn,SNRFOR,USD,MR,5Y,38
5-Nov-07,FNMA,Fed Natl Mtg Assn,SNRFOR,USD,MR,5Y,43
6-Nov-07,FNMA,Fed Natl Mtg Assn,SNRFOR,USD,MR,5Y,44
7-Nov-07,FNMA,Fed Natl Mtg Assn,SNRFOR,USD,MR,5Y,53
8-Nov-07,FNMA,Fed Natl Mtg Assn,SNRFOR,USD,MR,5Y,55
9-Nov-07,FNMA,Fed Natl Mtg Assn,SNRFOR,USD,MR,5Y,53
12-Nov-07,FNMA,Fed Natl Mtg Assn,SNRFOR,USD,MR,5Y,53
13-Nov-07,FNMA,Fed Natl Mtg Assn,SNRFOR,USD,MR,5Y,39
14-Nov-07,FNMA,Fed Natl Mtg Assn,SNRFOR,USD,MR,5Y,39
15-Nov-07,FNMA,Fed Natl Mtg Assn,SNRFOR,USD,MR,5Y,45
16-Nov-07,FNMA,Fed Natl Mtg Assn,SNRFOR,USD,MR,5Y,49
19-Nov-07,FNMA,Fed Natl Mtg Assn,SNRFOR,USD,MR,5Y,56
20-Nov-07,FNMA,Fed Natl Mtg Assn,SNRFOR,USD,MR,5Y,63
21-Nov-07,FNMA,Fed Natl Mtg Assn,SNRFOR,USD,MR,5Y,65
22-Nov-07,FNMA,Fed Natl Mtg Assn,SNRFOR,USD,MR,5Y,65
23-Nov-07,FNMA,Fed Natl Mtg Assn,SNRFOR,USD,MR,5Y,62
26-Nov-07,FNMA,Fed Natl Mtg Assn,SNRFOR,USD,MR,5Y,61
27-Nov-07,FNMA,Fed Natl Mtg Assn,SNRFOR,USD,MR,5Y,57
28-Nov-07,FNMA,Fed Natl Mtg Assn,SNRFOR,USD,MR,5Y,43
29-Nov-07,FNMA,Fed Natl Mtg Assn,SNRFOR,USD,MR,5Y,43
30-Nov-07,FNMA,Fed Natl Mtg Assn,SNRFOR,USD,MR,5Y,38
3-Dec-07,FNMA,Fed Natl Mtg Assn,SNRFOR,USD,MR,5Y,39
4-Dec-07,FNMA,Fed Natl Mtg Assn,SNRFOR,USD,MR,5Y,40
5-Dec-07,FNMA,Fed Natl Mtg Assn,SNRFOR,USD,MR,5Y,39
6-Dec-07,FNMA,Fed Natl Mtg Assn,SNRFOR,USD,MR,5Y,36
7-Dec-07,FNMA,Fed Natl Mtg Assn,SNRFOR,USD,MR,5Y,35
10-Dec-07,FNMA,Fed Natl Mtg Assn,SNRFOR,USD,MR,5Y,35
11-Dec-07,FNMA,Fed Natl Mtg Assn,SNRFOR,USD,MR,5Y,39
12-Dec-07,FNMA,Fed Natl Mtg Assn,SNRFOR,USD,MR,5Y,37
13-Dec-07,FNMA,Fed Natl Mtg Assn,SNRFOR,USD,MR,5Y,38
14-Dec-07,FNMA,Fed Natl Mtg Assn,SNRFOR,USD,MR,5Y,37
17-Dec-07,FNMA,Fed Natl Mtg Assn,SNRFOR,USD,MR,5Y,37
18-Dec-07,FNMA,Fed Natl Mtg Assn,SNRFOR,USD,MR,5Y,37
19-Dec-07,FNMA,Fed Natl Mtg Assn,SNRFOR,USD,MR,5Y,37
20-Dec-07,FNMA,Fed Natl Mtg Assn,SNRFOR,USD,MR,5Y,38
21-Dec-07,FNMA,Fed Natl Mtg Assn,SNRFOR,USD,MR,5Y,39
24-Dec-07,FNMA,Fed Natl Mtg Assn,SNRFOR,USD,MR,5Y,39
25-Dec-07,FNMA,Fed Natl Mtg Assn,SNRFOR,USD,MR,5Y,39
26-Dec-07,FNMA,Fed Natl Mtg Assn,SNRFOR,USD,MR,5Y,39
27-Dec-07,FNMA,Fed Natl Mtg Assn,SNRFOR,USD,MR,5Y,39
28-Dec-07,FNMA,Fed Natl Mtg Assn,SNRFOR,USD,MR,5Y,39
31-Dec-07,FNMA,Fed Natl Mtg Assn,SNRFOR,USD,MR,5Y,39
1-Jan-08,FNMA,Fed Natl Mtg Assn,SNRFOR,USD,MR,5Y,39
2-Jan-08,FNMA,Fed Natl Mtg Assn,SNRFOR,USD,MR,5Y,40
3-Jan-08,FNMA,Fed Natl Mtg Assn,SNRFOR,USD,MR,5Y,41
4-Jan-08,FNMA,Fed Natl Mtg Assn,SNRFOR,USD,MR,5Y,43
7-Jan-08,FNMA,Fed Natl Mtg Assn,SNRFOR,USD,MR,5Y,42
8-Jan-08,FNMA,Fed Natl Mtg Assn,SNRFOR,USD,MR,5Y,42
9-Jan-08,FNMA,Fed Natl Mtg Assn,SNRFOR,USD,MR,5Y,44
10-Jan-08,FNMA,Fed Natl Mtg Assn,SNRFOR,USD,MR,5Y,48
11-Jan-08,FNMA,Fed Natl Mtg Assn,SNRFOR,USD,MR,5Y,49
14-Jan-08,FNMA,Fed Natl Mtg Assn,SNRFOR,USD,MR,5Y,48
15-Jan-08,FNMA,Fed Natl Mtg Assn,SNRFOR,USD,MR,5Y,49
16-Jan-08,FNMA,Fed Natl Mtg Assn,SNRFOR,USD,MR,5Y,49
17-Jan-08,FNMA,Fed Natl Mtg Assn,SNRFOR,USD,MR,5Y,55
18-Jan-08,FNMA,Fed Natl Mtg Assn,SNRFOR,USD,MR,5Y,56
21-Jan-08,FNMA,Fed Natl Mtg Assn,SNRFOR,USD,MR,5Y,56
22-Jan-08,FNMA,Fed Natl Mtg Assn,SNRFOR,USD,MR,5Y,61
23-Jan-08,FNMA,Fed Natl Mtg Assn,SNRFOR,USD,MR,5Y,60
24-Jan-08,FNMA,Fed Natl Mtg Assn,SNRFOR,USD,MR,5Y,53
25-Jan-08,FNMA,Fed Natl Mtg Assn,SNRFOR,USD,MR,5Y,54
28-Jan-08,FNMA,Fed Natl Mtg Assn,SNRFOR,USD,MR,5Y,55
29-Jan-08,FNMA,Fed Natl Mtg Assn,SNRFOR,USD,MR,5Y,54
30-Jan-08,FNMA,Fed Natl Mtg Assn,SNRFOR,USD,MR,5Y,54
31-Jan-08,FNMA,Fed Natl Mtg Assn,SNRFOR,USD,MR,5Y,57
1-Feb-08,FNMA,Fed Natl Mtg Assn,SNRFOR,USD,MR,5Y,56
4-Feb-08,FNMA,Fed Natl Mtg Assn,SNRFOR,USD,MR,5Y,56
5-Feb-08,FNMA,Fed Natl Mtg Assn,SNRFOR,USD,MR,5Y,60
6-Feb-08,FNMA,Fed Natl Mtg Assn,SNRFOR,USD,MR,5Y,62
7-Feb-08,FNMA,Fed Natl Mtg Assn,SNRFOR,USD,MR,5Y,65
8-Feb-08,FNMA,Fed Natl Mtg Assn,SNRFOR,USD,MR,5Y,68
11-Feb-08,FNMA,Fed Natl Mtg Assn,SNRFOR,USD,MR,5Y,73
12-Feb-08,FNMA,Fed Natl Mtg Assn,SNRFOR,USD,MR,5Y,73
13-Feb-08,FNMA,Fed Natl Mtg Assn,SNRFOR,USD,MR,5Y,72
14-Feb-08,FNMA,Fed Natl Mtg Assn,SNRFOR,USD,MR,5Y,73
15-Feb-08,FNMA,Fed Natl Mtg Assn,SNRFOR,USD,MR,5Y,78
18-Feb-08,FNMA,Fed Natl Mtg Assn,SNRFOR,USD,MR,5Y,78
19-Feb-08,FNMA,Fed Natl Mtg Assn,SNRFOR,USD,MR,5Y,78
20-Feb-08,FNMA,Fed Natl Mtg Assn,SNRFOR,USD,MR,5Y,81
21-Feb-08,FNMA,Fed Natl Mtg Assn,SNRFOR,USD,MR,5Y,81
22-Feb-08,FNMA,Fed Natl Mtg Assn,SNRFOR,USD,MR,5Y,85
25-Feb-08,FNMA,Fed Natl Mtg Assn,SNRFOR,USD,MR,5Y,84
26-Feb-08,FNMA,Fed Natl Mtg Assn,SNRFOR,USD,MR,5Y,78
27-Feb-08,FNMA,Fed Natl Mtg Assn,SNRFOR,USD,MR,5Y,77
28-Feb-08,FNMA,Fed Natl Mtg Assn,SNRFOR,USD,MR,5Y,79
29-Feb-08,FNMA,Fed Natl Mtg Assn,SNRFOR,USD,MR,5Y,81
3-Mar-08,FNMA,Fed Natl Mtg Assn,SNRFOR,USD,MR,5Y,81
4-Mar-08,FNMA,Fed Natl Mtg Assn,SNRFOR,USD,MR,5Y,82
5-Mar-08,FNMA,Fed Natl Mtg Assn,SNRFOR,USD,MR,5Y,82
6-Mar-08,FNMA,Fed Natl Mtg Assn,SNRFOR,USD,MR,5Y,94
7-Mar-08,FNMA,Fed Natl Mtg Assn,SNRFOR,USD,MR,5Y,92
10-Mar-08,FNMA,Fed Natl Mtg Assn,SNRFOR,USD,MR,5Y,92
11-Mar-08,FNMA,Fed Natl Mtg Assn,SNRFOR,USD,MR,5Y,78
12-Mar-08,FNMA,Fed Natl Mtg Assn,SNRFOR,USD,MR,5Y,78
13-Mar-08,FNMA,Fed Natl Mtg Assn,SNRFOR,USD,MR,5Y,82
14-Mar-08,FNMA,Fed Natl Mtg Assn,SNRFOR,USD,MR,5Y,78
17-Mar-08,FNMA,Fed Natl Mtg Assn,SNRFOR,USD,MR,5Y,73
18-Mar-08,FNMA,Fed Natl Mtg Assn,SNRFOR,USD,MR,5Y,56
19-Mar-08,FNMA,Fed Natl Mtg Assn,SNRFOR,USD,MR,5Y,56
20-Mar-08,FNMA,Fed Natl Mtg Assn,SNRFOR,USD,MR,5Y,55
21-Mar-08,FNMA,Fed Natl Mtg Assn,SNRFOR,USD,MR,5Y,55
24-Mar-08,FNMA,Fed Natl Mtg Assn,SNRFOR,USD,MR,5Y,50
25-Mar-08,FNMA,Fed Natl Mtg Assn,SNRFOR,USD,MR,5Y,50
26-Mar-08,FNMA,Fed Natl Mtg Assn,SNRFOR,USD,MR,5Y,51
27-Mar-08,FNMA,Fed Natl Mtg Assn,SNRFOR,USD,MR,5Y,51
28-Mar-08,FNMA,Fed Natl Mtg Assn,SNRFOR,USD,MR,5Y,55
31-Mar-08,FNMA,Fed Natl Mtg Assn,SNRFOR,USD,MR,5Y,53
1-Apr-08,FNMA,Fed Natl Mtg Assn,SNRFOR,USD,MR,5Y,45
2-Apr-08,FNMA,Fed Natl Mtg Assn,SNRFOR,USD,MR,5Y,40
3-Apr-08,FNMA,Fed Natl Mtg Assn,SNRFOR,USD,MR,5Y,37
4-Apr-08,FNMA,Fed Natl Mtg Assn,SNRFOR,USD,MR,5Y,37
7-Apr-08,FNMA,Fed Natl Mtg Assn,SNRFOR,USD,MR,5Y,37
8-Apr-08,FNMA,Fed Natl Mtg Assn,SNRFOR,USD,MR,5Y,41
9-Apr-08,FNMA,Fed Natl Mtg Assn,SNRFOR,USD,MR,5Y,45
10-Apr-08,FNMA,Fed Natl Mtg Assn,SNRFOR,USD,MR,5Y,45
11-Apr-08,FNMA,Fed Natl Mtg Assn,SNRFOR,USD,MR,5Y,47
14-Apr-08,FNMA,Fed Natl Mtg Assn,SNRFOR,USD,MR,5Y,47
15-Apr-08,FNMA,Fed Natl Mtg Assn,SNRFOR,USD,MR,5Y,46
16-Apr-08,FNMA,Fed Natl Mtg Assn,SNRFOR,USD,MR,5Y,39
17-Apr-08,FNMA,Fed Natl Mtg Assn,SNRFOR,USD,MR,5Y,38
18-Apr-08,FNMA,Fed Natl Mtg Assn,SNRFOR,USD,MR,5Y,33
21-Apr-08,FNMA,Fed Natl Mtg Assn,SNRFOR,USD,MR,5Y,34
22-Apr-08,FNMA,Fed Natl Mtg Assn,SNRFOR,USD,MR,5Y,35
23-Apr-08,FNMA,Fed Natl Mtg Assn,SNRFOR,USD,MR,5Y,36
24-Apr-08,FNMA,Fed Natl Mtg Assn,SNRFOR,USD,MR,5Y,38
25-Apr-08,FNMA,Fed Natl Mtg Assn,SNRFOR,USD,MR,5Y,37
28-Apr-08,FNMA,Fed Natl Mtg Assn,SNRFOR,USD,MR,5Y,35
29-Apr-08,FNMA,Fed Natl Mtg Assn,SNRFOR,USD,MR,5Y,35
30-Apr-08,FNMA,Fed Natl Mtg Assn,SNRFOR,USD,MR,5Y,34
1-May-08,FNMA,Fed Natl Mtg Assn,SNRFOR,USD,MR,5Y,35
2-May-08,FNMA,Fed Natl Mtg Assn,SNRFOR,USD,MR,5Y,35
5-May-08,FNMA,Fed Natl Mtg Assn,SNRFOR,USD,MR,5Y,43
6-May-08,FNMA,Fed Natl Mtg Assn,SNRFOR,USD,MR,5Y,43
7-May-08,FNMA,Fed Natl Mtg Assn,SNRFOR,USD,MR,5Y,43
8-May-08,FNMA,Fed Natl Mtg Assn,SNRFOR,USD,MR,5Y,45
9-May-08,FNMA,Fed Natl Mtg Assn,SNRFOR,USD,MR,5Y,45
12-May-08,FNMA,Fed Natl Mtg Assn,SNRFOR,USD,MR,5Y,45
13-May-08,FNMA,Fed Natl Mtg Assn,SNRFOR,USD,MR,5Y,45
14-May-08,FNMA,Fed Natl Mtg Assn,SNRFOR,USD,MR,5Y,41
15-May-08,FNMA,Fed Natl Mtg Assn,SNRFOR,USD,MR,5Y,38
16-May-08,FNMA,Fed Natl Mtg Assn,SNRFOR,USD,MR,5Y,39
19-May-08,FNMA,Fed Natl Mtg Assn,SNRFOR,USD,MR,5Y,40
20-May-08,FNMA,Fed Natl Mtg Assn,SNRFOR,USD,MR,5Y,42
21-May-08,FNMA,Fed Natl Mtg Assn,SNRFOR,USD,MR,5Y,43
22-May-08,FNMA,Fed Natl Mtg Assn,SNRFOR,USD,MR,5Y,45
23-May-08,FNMA,Fed Natl Mtg Assn,SNRFOR,USD,MR,5Y,45
26-May-08,FNMA,Fed Natl Mtg Assn,SNRFOR,USD,MR,5Y,45
27-May-08,FNMA,Fed Natl Mtg Assn,SNRFOR,USD,MR,5Y,49
28-May-08,FNMA,Fed Natl Mtg Assn,SNRFOR,USD,MR,5Y,48
29-May-08,FNMA,Fed Natl Mtg Assn,SNRFOR,USD,MR,5Y,48
30-May-08,FNMA,Fed Natl Mtg Assn,SNRFOR,USD,MR,5Y,48
2-Jun-08,FNMA,Fed Natl Mtg Assn,SNRFOR,USD,MR,5Y,50
3-Jun-08,FNMA,Fed Natl Mtg Assn,SNRFOR,USD,MR,5Y,50
4-Jun-08,FNMA,Fed Natl Mtg Assn,SNRFOR,USD,MR,5Y,51
5-Jun-08,FNMA,Fed Natl Mtg Assn,SNRFOR,USD,MR,5Y,48
6-Jun-08,FNMA,Fed Natl Mtg Assn,SNRFOR,USD,MR,5Y,49
9-Jun-08,FNMA,Fed Natl Mtg Assn,SNRFOR,USD,MR,5Y,50
10-Jun-08,FNMA,Fed Natl Mtg Assn,SNRFOR,USD,MR,5Y,51
11-Jun-08,FNMA,Fed Natl Mtg Assn,SNRFOR,USD,MR,5Y,50
12-Jun-08,FNMA,Fed Natl Mtg Assn,SNRFOR,USD,MR,5Y,51
13-Jun-08,FNMA,Fed Natl Mtg Assn,SNRFOR,USD,MR,5Y,51
16-Jun-08,FNMA,Fed Natl Mtg Assn,SNRFOR,USD,MR,5Y,50
17-Jun-08,FNMA,Fed Natl Mtg Assn,SNRFOR,USD,MR,5Y,48
18-Jun-08,FNMA,Fed Natl Mtg Assn,SNRFOR,USD,MR,5Y,50
19-Jun-08,FNMA,Fed Natl Mtg Assn,SNRFOR,USD,MR,5Y,51
20-Jun-08,FNMA,Fed Natl Mtg Assn,SNRFOR,USD,MR,5Y,54
23-Jun-08,FNMA,Fed Natl Mtg Assn,SNRFOR,USD,MR,5Y,54
24-Jun-08,FNMA,Fed Natl Mtg Assn,SNRFOR,USD,MR,5Y,55
25-Jun-08,FNMA,Fed Natl Mtg Assn,SNRFOR,USD,MR,5Y,57
26-Jun-08,FNMA,Fed Natl Mtg Assn,SNRFOR,USD,MR,5Y,64
27-Jun-08,FNMA,Fed Natl Mtg Assn,SNRFOR,USD,MR,5Y,64
30-Jun-08,FNMA,Fed Natl Mtg Assn,SNRFOR,USD,MR,5Y,65
1-Jul-08,FNMA,Fed Natl Mtg Assn,SNRFOR,USD,MR,5Y,69
2-Jul-08,FNMA,Fed Natl Mtg Assn,SNRFOR,USD,MR,5Y,70
3-Jul-08,FNMA,Fed Natl Mtg Assn,SNRFOR,USD,MR,5Y,71
4-Jul-08,FNMA,Fed Natl Mtg Assn,SNRFOR,USD,MR,5Y,71
7-Jul-08,FNMA,Fed Natl Mtg Assn,SNRFOR,USD,MR,5Y,78
8-Jul-08,FNMA,Fed Natl Mtg Assn,SNRFOR,USD,MR,5Y,74
9-Jul-08,FNMA,Fed Natl Mtg Assn,SNRFOR,USD,MR,5Y,77
10-Jul-08,FNMA,Fed Natl Mtg Assn,SNRFOR,USD,MR,5Y,78
11-Jul-08,FNMA,Fed Natl Mtg Assn,SNRFOR,USD,MR,5Y,56
14-Jul-08,FNMA,Fed Natl Mtg Assn,SNRFOR,USD,MR,5Y,42
15-Jul-08,FNMA,Fed Natl Mtg Assn,SNRFOR,USD,MR,5Y,48
16-Jul-08,FNMA,Fed Natl Mtg Assn,SNRFOR,USD,MR,5Y,46
17-Jul-08,FNMA,Fed Natl Mtg Assn,SNRFOR,USD,MR,5Y,43
18-Jul-08,FNMA,Fed Natl Mtg Assn,SNRFOR,USD,MR,5Y,41
21-Jul-08,FNMA,Fed Natl Mtg Assn,SNRFOR,USD,MR,5Y,41
22-Jul-08,FNMA,Fed Natl Mtg Assn,SNRFOR,USD,MR,5Y,41
23-Jul-08,FNMA,Fed Natl Mtg Assn,SNRFOR,USD,MR,5Y,40
24-Jul-08,FNMA,Fed Natl Mtg Assn,SNRFOR,USD,MR,5Y,41
25-Jul-08,FNMA,Fed Natl Mtg Assn,SNRFOR,USD,MR,5Y,43
28-Jul-08,FNMA,Fed Natl Mtg Assn,SNRFOR,USD,MR,5Y,44
29-Jul-08,FNMA,Fed Natl Mtg Assn,SNRFOR,USD,MR,5Y,42
30-Jul-08,FNMA,Fed Natl Mtg Assn,SNRFOR,USD,MR,5Y,42
31-Jul-08,FNMA,Fed Natl Mtg Assn,SNRFOR,USD,MR,5Y,43
1-Aug-08,FNMA,Fed Natl Mtg Assn,SNRFOR,USD,MR,5Y,43
4-Aug-08,FNMA,Fed Natl Mtg Assn,SNRFOR,USD,MR,5Y,44
5-Aug-08,FNMA,Fed Natl Mtg Assn,SNRFOR,USD,MR,5Y,45
6-Aug-08,FNMA,Fed Natl Mtg Assn,SNRFOR,USD,MR,5Y,47
7-Aug-08,FNMA,Fed Natl Mtg Assn,SNRFOR,USD,MR,5Y,49
8-Aug-08,FNMA,Fed Natl Mtg Assn,SNRFOR,USD,MR,5Y,48
11-Aug-08,FNMA,Fed Natl Mtg Assn,SNRFOR,USD,MR,5Y,47
12-Aug-08,FNMA,Fed Natl Mtg Assn,SNRFOR,USD,MR,5Y,46
13-Aug-08,FNMA,Fed Natl Mtg Assn,SNRFOR,USD,MR,5Y,48
14-Aug-08,FNMA,Fed Natl Mtg Assn,SNRFOR,USD,MR,5Y,48
15-Aug-08,FNMA,Fed Natl Mtg Assn,SNRFOR,USD,MR,5Y,48
18-Aug-08,FNMA,Fed Natl Mtg Assn,SNRFOR,USD,MR,5Y,49
19-Aug-08,FNMA,Fed Natl Mtg Assn,SNRFOR,USD,MR,5Y,48
20-Aug-08,FNMA,Fed Natl Mtg Assn,SNRFOR,USD,MR,5Y,41
21-Aug-08,FNMA,Fed Natl Mtg Assn,SNRFOR,USD,MR,5Y,39
22-Aug-08,FNMA,Fed Natl Mtg Assn,SNRFOR,USD,MR,5Y,36
25-Aug-08,FNMA,Fed Natl Mtg Assn,SNRFOR,USD,MR,5Y,36
26-Aug-08,FNMA,Fed Natl Mtg Assn,SNRFOR,USD,MR,5Y,36
27-Aug-08,FNMA,Fed Natl Mtg Assn,SNRFOR,USD,MR,5Y,39
28-Aug-08,FNMA,Fed Natl Mtg Assn,SNRFOR,USD,MR,5Y,39
29-Aug-08,FNMA,Fed Natl Mtg Assn,SNRFOR,USD,MR,5Y,39
1-Sep-08,FNMA,Fed Natl Mtg Assn,SNRFOR,USD,MR,5Y,39
2-Sep-08,FNMA,Fed Natl Mtg Assn,SNRFOR,USD,MR,5Y,38
3-Sep-08,FNMA,Fed Natl Mtg Assn,SNRFOR,USD,MR,5Y,37
4-Sep-08,FNMA,Fed Natl Mtg Assn,SNRFOR,USD,MR,5Y,38
5-Sep-08,FNMA,Fed Natl Mtg Assn,SNRFOR,USD,MR,5Y,39
14-May-07,FHLMC,Fed Home Ln Mtg Corp,SNRFOR,USD,MR,5Y,9
15-May-07,FHLMC,Fed Home Ln Mtg Corp,SNRFOR,USD,MR,5Y,9
16-May-07,FHLMC,Fed Home Ln Mtg Corp,SNRFOR,USD,MR,5Y,8
17-May-07,FHLMC,Fed Home Ln Mtg Corp,SNRFOR,USD,MR,5Y,8
18-May-07,FHLMC,Fed Home Ln Mtg Corp,SNRFOR,USD,MR,5Y,8
21-May-07,FHLMC,Fed Home Ln Mtg Corp,SNRFOR,USD,MR,5Y,8
22-May-07,FHLMC,Fed Home Ln Mtg Corp,SNRFOR,USD,MR,5Y,8
23-May-07,FHLMC,Fed Home Ln Mtg Corp,SNRFOR,USD,MR,5Y,8
24-May-07,FHLMC,Fed Home Ln Mtg Corp,SNRFOR,USD,MR,5Y,8
25-May-07,FHLMC,Fed Home Ln Mtg Corp,SNRFOR,USD,MR,5Y,8
28-May-07,FHLMC,Fed Home Ln Mtg Corp,SNRFOR,USD,MR,5Y,8
29-May-07,FHLMC,Fed Home Ln Mtg Corp,SNRFOR,USD,MR,5Y,8
30-May-07,FHLMC,Fed Home Ln Mtg Corp,SNRFOR,USD,MR,5Y,8
31-May-07,FHLMC,Fed Home Ln Mtg Corp,SNRFOR,USD,MR,5Y,7
1-Jun-07,FHLMC,Fed Home Ln Mtg Corp,SNRFOR,USD,MR,5Y,7
4-Jun-07,FHLMC,Fed Home Ln Mtg Corp,SNRFOR,USD,MR,5Y,7
5-Jun-07,FHLMC,Fed Home Ln Mtg Corp,SNRFOR,USD,MR,5Y,7
6-Jun-07,FHLMC,Fed Home Ln Mtg Corp,SNRFOR,USD,MR,5Y,7
7-Jun-07,FHLMC,Fed Home Ln Mtg Corp,SNRFOR,USD,MR,5Y,7
8-Jun-07,FHLMC,Fed Home Ln Mtg Corp,SNRFOR,USD,MR,5Y,7
11-Jun-07,FHLMC,Fed Home Ln Mtg Corp,SNRFOR,USD,MR,5Y,7
12-Jun-07,FHLMC,Fed Home Ln Mtg Corp,SNRFOR,USD,MR,5Y,7
13-Jun-07,FHLMC,Fed Home Ln Mtg Corp,SNRFOR,USD,MR,5Y,7
14-Jun-07,FHLMC,Fed Home Ln Mtg Corp,SNRFOR,USD,MR,5Y,7
15-Jun-07,FHLMC,Fed Home Ln Mtg Corp,SNRFOR,USD,MR,5Y,7
18-Jun-07,FHLMC,Fed Home Ln Mtg Corp,SNRFOR,USD,MR,5Y,7
19-Jun-07,FHLMC,Fed Home Ln Mtg Corp,SNRFOR,USD,MR,5Y,7
20-Jun-07,FHLMC,Fed Home Ln Mtg Corp,SNRFOR,USD,MR,5Y,8
21-Jun-07,FHLMC,Fed Home Ln Mtg Corp,SNRFOR,USD,MR,5Y,8
22-Jun-07,FHLMC,Fed Home Ln Mtg Corp,SNRFOR,USD,MR,5Y,8
25-Jun-07,FHLMC,Fed Home Ln Mtg Corp,SNRFOR,USD,MR,5Y,8
26-Jun-07,FHLMC,Fed Home Ln Mtg Corp,SNRFOR,USD,MR,5Y,8
27-Jun-07,FHLMC,Fed Home Ln Mtg Corp,SNRFOR,USD,MR,5Y,8
28-Jun-07,FHLMC,Fed Home Ln Mtg Corp,SNRFOR,USD,MR,5Y,8
29-Jun-07,FHLMC,Fed Home Ln Mtg Corp,SNRFOR,USD,MR,5Y,8
2-Jul-07,FHLMC,Fed Home Ln Mtg Corp,SNRFOR,USD,MR,5Y,8
3-Jul-07,FHLMC,Fed Home Ln Mtg Corp,SNRFOR,USD,MR,5Y,8
4-Jul-07,FHLMC,Fed Home Ln Mtg Corp,SNRFOR,USD,MR,5Y,8
5-Jul-07,FHLMC,Fed Home Ln Mtg Corp,SNRFOR,USD,MR,5Y,8
6-Jul-07,FHLMC,Fed Home Ln Mtg Corp,SNRFOR,USD,MR,5Y,8
9-Jul-07,FHLMC,Fed Home Ln Mtg Corp,SNRFOR,USD,MR,5Y,9
10-Jul-07,FHLMC,Fed Home Ln Mtg Corp,SNRFOR,USD,MR,5Y,10
11-Jul-07,FHLMC,Fed Home Ln Mtg Corp,SNRFOR,USD,MR,5Y,11
12-Jul-07,FHLMC,Fed Home Ln Mtg Corp,SNRFOR,USD,MR,5Y,10
13-Jul-07,FHLMC,Fed Home Ln Mtg Corp,SNRFOR,USD,MR,5Y,10
16-Jul-07,FHLMC,Fed Home Ln Mtg Corp,SNRFOR,USD,MR,5Y,10
17-Jul-07,FHLMC,Fed Home Ln Mtg Corp,SNRFOR,USD,MR,5Y,10
18-Jul-07,FHLMC,Fed Home Ln Mtg Corp,SNRFOR,USD,MR,5Y,12
19-Jul-07,FHLMC,Fed Home Ln Mtg Corp,SNRFOR,USD,MR,5Y,13
20-Jul-07,FHLMC,Fed Home Ln Mtg Corp,SNRFOR,USD,MR,5Y,16
23-Jul-07,FHLMC,Fed Home Ln Mtg Corp,SNRFOR,USD,MR,5Y,17
24-Jul-07,FHLMC,Fed Home Ln Mtg Corp,SNRFOR,USD,MR,5Y,17
25-Jul-07,FHLMC,Fed Home Ln Mtg Corp,SNRFOR,USD,MR,5Y,18
26-Jul-07,FHLMC,Fed Home Ln Mtg Corp,SNRFOR,USD,MR,5Y,22
27-Jul-07,FHLMC,Fed Home Ln Mtg Corp,SNRFOR,USD,MR,5Y,27
30-Jul-07,FHLMC,Fed Home Ln Mtg Corp,SNRFOR,USD,MR,5Y,27
31-Jul-07,FHLMC,Fed Home Ln Mtg Corp,SNRFOR,USD,MR,5Y,27
1-Aug-07,FHLMC,Fed Home Ln Mtg Corp,SNRFOR,USD,MR,5Y,30
2-Aug-07,FHLMC,Fed Home Ln Mtg Corp,SNRFOR,USD,MR,5Y,30
3-Aug-07,FHLMC,Fed Home Ln Mtg Corp,SNRFOR,USD,MR,5Y,35
6-Aug-07,FHLMC,Fed Home Ln Mtg Corp,SNRFOR,USD,MR,5Y,35
7-Aug-07,FHLMC,Fed Home Ln Mtg Corp,SNRFOR,USD,MR,5Y,34
8-Aug-07,FHLMC,Fed Home Ln Mtg Corp,SNRFOR,USD,MR,5Y,32
9-Aug-07,FHLMC,Fed Home Ln Mtg Corp,SNRFOR,USD,MR,5Y,31
10-Aug-07,FHLMC,Fed Home Ln Mtg Corp,SNRFOR,USD,MR,5Y,32
13-Aug-07,FHLMC,Fed Home Ln Mtg Corp,SNRFOR,USD,MR,5Y,29
14-Aug-07,FHLMC,Fed Home Ln Mtg Corp,SNRFOR,USD,MR,5Y,31
15-Aug-07,FHLMC,Fed Home Ln Mtg Corp,SNRFOR,USD,MR,5Y,31
16-Aug-07,FHLMC,Fed Home Ln Mtg Corp,SNRFOR,USD,MR,5Y,32
17-Aug-07,FHLMC,Fed Home Ln Mtg Corp,SNRFOR,USD,MR,5Y,31
20-Aug-07,FHLMC,Fed Home Ln Mtg Corp,SNRFOR,USD,MR,5Y,30
21-Aug-07,FHLMC,Fed Home Ln Mtg Corp,SNRFOR,USD,MR,5Y,29
22-Aug-07,FHLMC,Fed Home Ln Mtg Corp,SNRFOR,USD,MR,5Y,26
23-Aug-07,FHLMC,Fed Home Ln Mtg Corp,SNRFOR,USD,MR,5Y,25
24-Aug-07,FHLMC,Fed Home Ln Mtg Corp,SNRFOR,USD,MR,5Y,25
27-Aug-07,FHLMC,Fed Home Ln Mtg Corp,SNRFOR,USD,MR,5Y,25
28-Aug-07,FHLMC,Fed Home Ln Mtg Corp,SNRFOR,USD,MR,5Y,24
29-Aug-07,FHLMC,Fed Home Ln Mtg Corp,SNRFOR,USD,MR,5Y,25
30-Aug-07,FHLMC,Fed Home Ln Mtg Corp,SNRFOR,USD,MR,5Y,29
31-Aug-07,FHLMC,Fed Home Ln Mtg Corp,SNRFOR,USD,MR,5Y,29
3-Sep-07,FHLMC,Fed Home Ln Mtg Corp,SNRFOR,USD,MR,5Y,29
4-Sep-07,FHLMC,Fed Home Ln Mtg Corp,SNRFOR,USD,MR,5Y,29
5-Sep-07,FHLMC,Fed Home Ln Mtg Corp,SNRFOR,USD,MR,5Y,29
6-Sep-07,FHLMC,Fed Home Ln Mtg Corp,SNRFOR,USD,MR,5Y,28
7-Sep-07,FHLMC,Fed Home Ln Mtg Corp,SNRFOR,USD,MR,5Y,29
10-Sep-07,FHLMC,Fed Home Ln Mtg Corp,SNRFOR,USD,MR,5Y,28
11-Sep-07,FHLMC,Fed Home Ln Mtg Corp,SNRFOR,USD,MR,5Y,27
12-Sep-07,FHLMC,Fed Home Ln Mtg Corp,SNRFOR,USD,MR,5Y,27
13-Sep-07,FHLMC,Fed Home Ln Mtg Corp,SNRFOR,USD,MR,5Y,26
14-Sep-07,FHLMC,Fed Home Ln Mtg Corp,SNRFOR,USD,MR,5Y,25
17-Sep-07,FHLMC,Fed Home Ln Mtg Corp,SNRFOR,USD,MR,5Y,22
18-Sep-07,FHLMC,Fed Home Ln Mtg Corp,SNRFOR,USD,MR,5Y,20
19-Sep-07,FHLMC,Fed Home Ln Mtg Corp,SNRFOR,USD,MR,5Y,19
20-Sep-07,FHLMC,Fed Home Ln Mtg Corp,SNRFOR,USD,MR,5Y,19
21-Sep-07,FHLMC,Fed Home Ln Mtg Corp,SNRFOR,USD,MR,5Y,18
24-Sep-07,FHLMC,Fed Home Ln Mtg Corp,SNRFOR,USD,MR,5Y,18
25-Sep-07,FHLMC,Fed Home Ln Mtg Corp,SNRFOR,USD,MR,5Y,18
26-Sep-07,FHLMC,Fed Home Ln Mtg Corp,SNRFOR,USD,MR,5Y,17
27-Sep-07,FHLMC,Fed Home Ln Mtg Corp,SNRFOR,USD,MR,5Y,18
28-Sep-07,FHLMC,Fed Home Ln Mtg Corp,SNRFOR,USD,MR,5Y,18
1-Oct-07,FHLMC,Fed Home Ln Mtg Corp,SNRFOR,USD,MR,5Y,18
2-Oct-07,FHLMC,Fed Home Ln Mtg Corp,SNRFOR,USD,MR,5Y,18
3-Oct-07,FHLMC,Fed Home Ln Mtg Corp,SNRFOR,USD,MR,5Y,17
4-Oct-07,FHLMC,Fed Home Ln Mtg Corp,SNRFOR,USD,MR,5Y,17
5-Oct-07,FHLMC,Fed Home Ln Mtg Corp,SNRFOR,USD,MR,5Y,17
8-Oct-07,FHLMC,Fed Home Ln Mtg Corp,SNRFOR,USD,MR,5Y,17
9-Oct-07,FHLMC,Fed Home Ln Mtg Corp,SNRFOR,USD,MR,5Y,16
10-Oct-07,FHLMC,Fed Home Ln Mtg Corp,SNRFOR,USD,MR,5Y,16
11-Oct-07,FHLMC,Fed Home Ln Mtg Corp,SNRFOR,USD,MR,5Y,16
12-Oct-07,FHLMC,Fed Home Ln Mtg Corp,SNRFOR,USD,MR,5Y,16
15-Oct-07,FHLMC,Fed Home Ln Mtg Corp,SNRFOR,USD,MR,5Y,17
16-Oct-07,FHLMC,Fed Home Ln Mtg Corp,SNRFOR,USD,MR,5Y,17
17-Oct-07,FHLMC,Fed Home Ln Mtg Corp,SNRFOR,USD,MR,5Y,20
18-Oct-07,FHLMC,Fed Home Ln Mtg Corp,SNRFOR,USD,MR,5Y,19
19-Oct-07,FHLMC,Fed Home Ln Mtg Corp,SNRFOR,USD,MR,5Y,19
22-Oct-07,FHLMC,Fed Home Ln Mtg Corp,SNRFOR,USD,MR,5Y,24
23-Oct-07,FHLMC,Fed Home Ln Mtg Corp,SNRFOR,USD,MR,5Y,23
24-Oct-07,FHLMC,Fed Home Ln Mtg Corp,SNRFOR,USD,MR,5Y,23
25-Oct-07,FHLMC,Fed Home Ln Mtg Corp,SNRFOR,USD,MR,5Y,24
26-Oct-07,FHLMC,Fed Home Ln Mtg Corp,SNRFOR,USD,MR,5Y,25
29-Oct-07,FHLMC,Fed Home Ln Mtg Corp,SNRFOR,USD,MR,5Y,25
30-Oct-07,FHLMC,Fed Home Ln Mtg Corp,SNRFOR,USD,MR,5Y,27
31-Oct-07,FHLMC,Fed Home Ln Mtg Corp,SNRFOR,USD,MR,5Y,27
1-Nov-07,FHLMC,Fed Home Ln Mtg Corp,SNRFOR,USD,MR,5Y,34
2-Nov-07,FHLMC,Fed Home Ln Mtg Corp,SNRFOR,USD,MR,5Y,36
5-Nov-07,FHLMC,Fed Home Ln Mtg Corp,SNRFOR,USD,MR,5Y,44
6-Nov-07,FHLMC,Fed Home Ln Mtg Corp,SNRFOR,USD,MR,5Y,44
7-Nov-07,FHLMC,Fed Home Ln Mtg Corp,SNRFOR,USD,MR,5Y,52
8-Nov-07,FHLMC,Fed Home Ln Mtg Corp,SNRFOR,USD,MR,5Y,54
9-Nov-07,FHLMC,Fed Home Ln Mtg Corp,SNRFOR,USD,MR,5Y,54
12-Nov-07,FHLMC,Fed Home Ln Mtg Corp,SNRFOR,USD,MR,5Y,54
13-Nov-07,FHLMC,Fed Home Ln Mtg Corp,SNRFOR,USD,MR,5Y,39
14-Nov-07,FHLMC,Fed Home Ln Mtg Corp,SNRFOR,USD,MR,5Y,39
15-Nov-07,FHLMC,Fed Home Ln Mtg Corp,SNRFOR,USD,MR,5Y,42
16-Nov-07,FHLMC,Fed Home Ln Mtg Corp,SNRFOR,USD,MR,5Y,50
19-Nov-07,FHLMC,Fed Home Ln Mtg Corp,SNRFOR,USD,MR,5Y,55
20-Nov-07,FHLMC,Fed Home Ln Mtg Corp,SNRFOR,USD,MR,5Y,63
21-Nov-07,FHLMC,Fed Home Ln Mtg Corp,SNRFOR,USD,MR,5Y,66
22-Nov-07,FHLMC,Fed Home Ln Mtg Corp,SNRFOR,USD,MR,5Y,66
23-Nov-07,FHLMC,Fed Home Ln Mtg Corp,SNRFOR,USD,MR,5Y,63
26-Nov-07,FHLMC,Fed Home Ln Mtg Corp,SNRFOR,USD,MR,5Y,62
27-Nov-07,FHLMC,Fed Home Ln Mtg Corp,SNRFOR,USD,MR,5Y,58
28-Nov-07,FHLMC,Fed Home Ln Mtg Corp,SNRFOR,USD,MR,5Y,44
29-Nov-07,FHLMC,Fed Home Ln Mtg Corp,SNRFOR,USD,MR,5Y,43
30-Nov-07,FHLMC,Fed Home Ln Mtg Corp,SNRFOR,USD,MR,5Y,40
3-Dec-07,FHLMC,Fed Home Ln Mtg Corp,SNRFOR,USD,MR,5Y,40
4-Dec-07,FHLMC,Fed Home Ln Mtg Corp,SNRFOR,USD,MR,5Y,41
5-Dec-07,FHLMC,Fed Home Ln Mtg Corp,SNRFOR,USD,MR,5Y,39
6-Dec-07,FHLMC,Fed Home Ln Mtg Corp,SNRFOR,USD,MR,5Y,35
7-Dec-07,FHLMC,Fed Home Ln Mtg Corp,SNRFOR,USD,MR,5Y,35
10-Dec-07,FHLMC,Fed Home Ln Mtg Corp,SNRFOR,USD,MR,5Y,35
11-Dec-07,FHLMC,Fed Home Ln Mtg Corp,SNRFOR,USD,MR,5Y,39
12-Dec-07,FHLMC,Fed Home Ln Mtg Corp,SNRFOR,USD,MR,5Y,37
13-Dec-07,FHLMC,Fed Home Ln Mtg Corp,SNRFOR,USD,MR,5Y,38
14-Dec-07,FHLMC,Fed Home Ln Mtg Corp,SNRFOR,USD,MR,5Y,37
17-Dec-07,FHLMC,Fed Home Ln Mtg Corp,SNRFOR,USD,MR,5Y,37
18-Dec-07,FHLMC,Fed Home Ln Mtg Corp,SNRFOR,USD,MR,5Y,37
19-Dec-07,FHLMC,Fed Home Ln Mtg Corp,SNRFOR,USD,MR,5Y,37
20-Dec-07,FHLMC,Fed Home Ln Mtg Corp,SNRFOR,USD,MR,5Y,38
21-Dec-07,FHLMC,Fed Home Ln Mtg Corp,SNRFOR,USD,MR,5Y,39
24-Dec-07,FHLMC,Fed Home Ln Mtg Corp,SNRFOR,USD,MR,5Y,39
25-Dec-07,FHLMC,Fed Home Ln Mtg Corp,SNRFOR,USD,MR,5Y,39
26-Dec-07,FHLMC,Fed Home Ln Mtg Corp,SNRFOR,USD,MR,5Y,39
27-Dec-07,FHLMC,Fed Home Ln Mtg Corp,SNRFOR,USD,MR,5Y,39
28-Dec-07,FHLMC,Fed Home Ln Mtg Corp,SNRFOR,USD,MR,5Y,39
31-Dec-07,FHLMC,Fed Home Ln Mtg Corp,SNRFOR,USD,MR,5Y,39
1-Jan-08,FHLMC,Fed Home Ln Mtg Corp,SNRFOR,USD,MR,5Y,39
2-Jan-08,FHLMC,Fed Home Ln Mtg Corp,SNRFOR,USD,MR,5Y,40
3-Jan-08,FHLMC,Fed Home Ln Mtg Corp,SNRFOR,USD,MR,5Y,40
4-Jan-08,FHLMC,Fed Home Ln Mtg Corp,SNRFOR,USD,MR,5Y,42
7-Jan-08,FHLMC,Fed Home Ln Mtg Corp,SNRFOR,USD,MR,5Y,42
8-Jan-08,FHLMC,Fed Home Ln Mtg Corp,SNRFOR,USD,MR,5Y,42
9-Jan-08,FHLMC,Fed Home Ln Mtg Corp,SNRFOR,USD,MR,5Y,45
10-Jan-08,FHLMC,Fed Home Ln Mtg Corp,SNRFOR,USD,MR,5Y,48
11-Jan-08,FHLMC,Fed Home Ln Mtg Corp,SNRFOR,USD,MR,5Y,48
14-Jan-08,FHLMC,Fed Home Ln Mtg Corp,SNRFOR,USD,MR,5Y,49
15-Jan-08,FHLMC,Fed Home Ln Mtg Corp,SNRFOR,USD,MR,5Y,49
16-Jan-08,FHLMC,Fed Home Ln Mtg Corp,SNRFOR,USD,MR,5Y,49
17-Jan-08,FHLMC,Fed Home Ln Mtg Corp,SNRFOR,USD,MR,5Y,57
18-Jan-08,FHLMC,Fed Home Ln Mtg Corp,SNRFOR,USD,MR,5Y,56
21-Jan-08,FHLMC,Fed Home Ln Mtg Corp,SNRFOR,USD,MR,5Y,56
22-Jan-08,FHLMC,Fed Home Ln Mtg Corp,SNRFOR,USD,MR,5Y,61
23-Jan-08,FHLMC,Fed Home Ln Mtg Corp,SNRFOR,USD,MR,5Y,60
24-Jan-08,FHLMC,Fed Home Ln Mtg Corp,SNRFOR,USD,MR,5Y,52
25-Jan-08,FHLMC,Fed Home Ln Mtg Corp,SNRFOR,USD,MR,5Y,53
28-Jan-08,FHLMC,Fed Home Ln Mtg Corp,SNRFOR,USD,MR,5Y,54
29-Jan-08,FHLMC,Fed Home Ln Mtg Corp,SNRFOR,USD,MR,5Y,53
30-Jan-08,FHLMC,Fed Home Ln Mtg Corp,SNRFOR,USD,MR,5Y,53
31-Jan-08,FHLMC,Fed Home Ln Mtg Corp,SNRFOR,USD,MR,5Y,57
1-Feb-08,FHLMC,Fed Home Ln Mtg Corp,SNRFOR,USD,MR,5Y,56
4-Feb-08,FHLMC,Fed Home Ln Mtg Corp,SNRFOR,USD,MR,5Y,56
5-Feb-08,FHLMC,Fed Home Ln Mtg Corp,SNRFOR,USD,MR,5Y,60
6-Feb-08,FHLMC,Fed Home Ln Mtg Corp,SNRFOR,USD,MR,5Y,62
7-Feb-08,FHLMC,Fed Home Ln Mtg Corp,SNRFOR,USD,MR,5Y,65
8-Feb-08,FHLMC,Fed Home Ln Mtg Corp,SNRFOR,USD,MR,5Y,69
11-Feb-08,FHLMC,Fed Home Ln Mtg Corp,SNRFOR,USD,MR,5Y,73
12-Feb-08,FHLMC,Fed Home Ln Mtg Corp,SNRFOR,USD,MR,5Y,73
13-Feb-08,FHLMC,Fed Home Ln Mtg Corp,SNRFOR,USD,MR,5Y,72
14-Feb-08,FHLMC,Fed Home Ln Mtg Corp,SNRFOR,USD,MR,5Y,74
15-Feb-08,FHLMC,Fed Home Ln Mtg Corp,SNRFOR,USD,MR,5Y,77
18-Feb-08,FHLMC,Fed Home Ln Mtg Corp,SNRFOR,USD,MR,5Y,78
19-Feb-08,FHLMC,Fed Home Ln Mtg Corp,SNRFOR,USD,MR,5Y,78
20-Feb-08,FHLMC,Fed Home Ln Mtg Corp,SNRFOR,USD,MR,5Y,81
21-Feb-08,FHLMC,Fed Home Ln Mtg Corp,SNRFOR,USD,MR,5Y,81
22-Feb-08,FHLMC,Fed Home Ln Mtg Corp,SNRFOR,USD,MR,5Y,86
25-Feb-08,FHLMC,Fed Home Ln Mtg Corp,SNRFOR,USD,MR,5Y,84
26-Feb-08,FHLMC,Fed Home Ln Mtg Corp,SNRFOR,USD,MR,5Y,78
27-Feb-08,FHLMC,Fed Home Ln Mtg Corp,SNRFOR,USD,MR,5Y,77
28-Feb-08,FHLMC,Fed Home Ln Mtg Corp,SNRFOR,USD,MR,5Y,79
29-Feb-08,FHLMC,Fed Home Ln Mtg Corp,SNRFOR,USD,MR,5Y,82
3-Mar-08,FHLMC,Fed Home Ln Mtg Corp,SNRFOR,USD,MR,5Y,82
4-Mar-08,FHLMC,Fed Home Ln Mtg Corp,SNRFOR,USD,MR,5Y,83
5-Mar-08,FHLMC,Fed Home Ln Mtg Corp,SNRFOR,USD,MR,5Y,85
6-Mar-08,FHLMC,Fed Home Ln Mtg Corp,SNRFOR,USD,MR,5Y,97
7-Mar-08,FHLMC,Fed Home Ln Mtg Corp,SNRFOR,USD,MR,5Y,96
10-Mar-08,FHLMC,Fed Home Ln Mtg Corp,SNRFOR,USD,MR,5Y,96
11-Mar-08,FHLMC,Fed Home Ln Mtg Corp,SNRFOR,USD,MR,5Y,77
12-Mar-08,FHLMC,Fed Home Ln Mtg Corp,SNRFOR,USD,MR,5Y,78
13-Mar-08,FHLMC,Fed Home Ln Mtg Corp,SNRFOR,USD,MR,5Y,81
14-Mar-08,FHLMC,Fed Home Ln Mtg Corp,SNRFOR,USD,MR,5Y,78
17-Mar-08,FHLMC,Fed Home Ln Mtg Corp,SNRFOR,USD,MR,5Y,74
18-Mar-08,FHLMC,Fed Home Ln Mtg Corp,SNRFOR,USD,MR,5Y,56
19-Mar-08,FHLMC,Fed Home Ln Mtg Corp,SNRFOR,USD,MR,5Y,56
20-Mar-08,FHLMC,Fed Home Ln Mtg Corp,SNRFOR,USD,MR,5Y,55
21-Mar-08,FHLMC,Fed Home Ln Mtg Corp,SNRFOR,USD,MR,5Y,55
24-Mar-08,FHLMC,Fed Home Ln Mtg Corp,SNRFOR,USD,MR,5Y,49
25-Mar-08,FHLMC,Fed Home Ln Mtg Corp,SNRFOR,USD,MR,5Y,50
26-Mar-08,FHLMC,Fed Home Ln Mtg Corp,SNRFOR,USD,MR,5Y,51
27-Mar-08,FHLMC,Fed Home Ln Mtg Corp,SNRFOR,USD,MR,5Y,51
28-Mar-08,FHLMC,Fed Home Ln Mtg Corp,SNRFOR,USD,MR,5Y,54
31-Mar-08,FHLMC,Fed Home Ln Mtg Corp,SNRFOR,USD,MR,5Y,52
1-Apr-08,FHLMC,Fed Home Ln Mtg Corp,SNRFOR,USD,MR,5Y,46
2-Apr-08,FHLMC,Fed Home Ln Mtg Corp,SNRFOR,USD,MR,5Y,40
3-Apr-08,FHLMC,Fed Home Ln Mtg Corp,SNRFOR,USD,MR,5Y,38
4-Apr-08,FHLMC,Fed Home Ln Mtg Corp,SNRFOR,USD,MR,5Y,37
7-Apr-08,FHLMC,Fed Home Ln Mtg Corp,SNRFOR,USD,MR,5Y,37
8-Apr-08,FHLMC,Fed Home Ln Mtg Corp,SNRFOR,USD,MR,5Y,41
9-Apr-08,FHLMC,Fed Home Ln Mtg Corp,SNRFOR,USD,MR,5Y,44
10-Apr-08,FHLMC,Fed Home Ln Mtg Corp,SNRFOR,USD,MR,5Y,45
11-Apr-08,FHLMC,Fed Home Ln Mtg Corp,SNRFOR,USD,MR,5Y,46
14-Apr-08,FHLMC,Fed Home Ln Mtg Corp,SNRFOR,USD,MR,5Y,47
15-Apr-08,FHLMC,Fed Home Ln Mtg Corp,SNRFOR,USD,MR,5Y,46
16-Apr-08,FHLMC,Fed Home Ln Mtg Corp,SNRFOR,USD,MR,5Y,39
17-Apr-08,FHLMC,Fed Home Ln Mtg Corp,SNRFOR,USD,MR,5Y,38
18-Apr-08,FHLMC,Fed Home Ln Mtg Corp,SNRFOR,USD,MR,5Y,34
21-Apr-08,FHLMC,Fed Home Ln Mtg Corp,SNRFOR,USD,MR,5Y,34
22-Apr-08,FHLMC,Fed Home Ln Mtg Corp,SNRFOR,USD,MR,5Y,35
23-Apr-08,FHLMC,Fed Home Ln Mtg Corp,SNRFOR,USD,MR,5Y,37
24-Apr-08,FHLMC,Fed Home Ln Mtg Corp,SNRFOR,USD,MR,5Y,39
25-Apr-08,FHLMC,Fed Home Ln Mtg Corp,SNRFOR,USD,MR,5Y,37
28-Apr-08,FHLMC,Fed Home Ln Mtg Corp,SNRFOR,USD,MR,5Y,35
29-Apr-08,FHLMC,Fed Home Ln Mtg Corp,SNRFOR,USD,MR,5Y,35
30-Apr-08,FHLMC,Fed Home Ln Mtg Corp,SNRFOR,USD,MR,5Y,35
1-May-08,FHLMC,Fed Home Ln Mtg Corp,SNRFOR,USD,MR,5Y,35
2-May-08,FHLMC,Fed Home Ln Mtg Corp,SNRFOR,USD,MR,5Y,35
5-May-08,FHLMC,Fed Home Ln Mtg Corp,SNRFOR,USD,MR,5Y,42
6-May-08,FHLMC,Fed Home Ln Mtg Corp,SNRFOR,USD,MR,5Y,44
7-May-08,FHLMC,Fed Home Ln Mtg Corp,SNRFOR,USD,MR,5Y,44
8-May-08,FHLMC,Fed Home Ln Mtg Corp,SNRFOR,USD,MR,5Y,45
9-May-08,FHLMC,Fed Home Ln Mtg Corp,SNRFOR,USD,MR,5Y,45
12-May-08,FHLMC,Fed Home Ln Mtg Corp,SNRFOR,USD,MR,5Y,45
13-May-08,FHLMC,Fed Home Ln Mtg Corp,SNRFOR,USD,MR,5Y,45
14-May-08,FHLMC,Fed Home Ln Mtg Corp,SNRFOR,USD,MR,5Y,41
15-May-08,FHLMC,Fed Home Ln Mtg Corp,SNRFOR,USD,MR,5Y,38
16-May-08,FHLMC,Fed Home Ln Mtg Corp,SNRFOR,USD,MR,5Y,39
19-May-08,FHLMC,Fed Home Ln Mtg Corp,SNRFOR,USD,MR,5Y,40
20-May-08,FHLMC,Fed Home Ln Mtg Corp,SNRFOR,USD,MR,5Y,42
21-May-08,FHLMC,Fed Home Ln Mtg Corp,SNRFOR,USD,MR,5Y,42
22-May-08,FHLMC,Fed Home Ln Mtg Corp,SNRFOR,USD,MR,5Y,45
23-May-08,FHLMC,Fed Home Ln Mtg Corp,SNRFOR,USD,MR,5Y,45
26-May-08,FHLMC,Fed Home Ln Mtg Corp,SNRFOR,USD,MR,5Y,45
27-May-08,FHLMC,Fed Home Ln Mtg Corp,SNRFOR,USD,MR,5Y,48
28-May-08,FHLMC,Fed Home Ln Mtg Corp,SNRFOR,USD,MR,5Y,48
29-May-08,FHLMC,Fed Home Ln Mtg Corp,SNRFOR,USD,MR,5Y,47
30-May-08,FHLMC,Fed Home Ln Mtg Corp,SNRFOR,USD,MR,5Y,48
2-Jun-08,FHLMC,Fed Home Ln Mtg Corp,SNRFOR,USD,MR,5Y,50
3-Jun-08,FHLMC,Fed Home Ln Mtg Corp,SNRFOR,USD,MR,5Y,50
4-Jun-08,FHLMC,Fed Home Ln Mtg Corp,SNRFOR,USD,MR,5Y,50
5-Jun-08,FHLMC,Fed Home Ln Mtg Corp,SNRFOR,USD,MR,5Y,48
6-Jun-08,FHLMC,Fed Home Ln Mtg Corp,SNRFOR,USD,MR,5Y,49
9-Jun-08,FHLMC,Fed Home Ln Mtg Corp,SNRFOR,USD,MR,5Y,50
10-Jun-08,FHLMC,Fed Home Ln Mtg Corp,SNRFOR,USD,MR,5Y,51
11-Jun-08,FHLMC,Fed Home Ln Mtg Corp,SNRFOR,USD,MR,5Y,50
12-Jun-08,FHLMC,Fed Home Ln Mtg Corp,SNRFOR,USD,MR,5Y,50
13-Jun-08,FHLMC,Fed Home Ln Mtg Corp,SNRFOR,USD,MR,5Y,50
16-Jun-08,FHLMC,Fed Home Ln Mtg Corp,SNRFOR,USD,MR,5Y,49
17-Jun-08,FHLMC,Fed Home Ln Mtg Corp,SNRFOR,USD,MR,5Y,48
18-Jun-08,FHLMC,Fed Home Ln Mtg Corp,SNRFOR,USD,MR,5Y,49
19-Jun-08,FHLMC,Fed Home Ln Mtg Corp,SNRFOR,USD,MR,5Y,52
20-Jun-08,FHLMC,Fed Home Ln Mtg Corp,SNRFOR,USD,MR,5Y,54
23-Jun-08,FHLMC,Fed Home Ln Mtg Corp,SNRFOR,USD,MR,5Y,54
24-Jun-08,FHLMC,Fed Home Ln Mtg Corp,SNRFOR,USD,MR,5Y,54
25-Jun-08,FHLMC,Fed Home Ln Mtg Corp,SNRFOR,USD,MR,5Y,57
26-Jun-08,FHLMC,Fed Home Ln Mtg Corp,SNRFOR,USD,MR,5Y,63
27-Jun-08,FHLMC,Fed Home Ln Mtg Corp,SNRFOR,USD,MR,5Y,65
30-Jun-08,FHLMC,Fed Home Ln Mtg Corp,SNRFOR,USD,MR,5Y,65
1-Jul-08,FHLMC,Fed Home Ln Mtg Corp,SNRFOR,USD,MR,5Y,69
2-Jul-08,FHLMC,Fed Home Ln Mtg Corp,SNRFOR,USD,MR,5Y,70
3-Jul-08,FHLMC,Fed Home Ln Mtg Corp,SNRFOR,USD,MR,5Y,70
4-Jul-08,FHLMC,Fed Home Ln Mtg Corp,SNRFOR,USD,MR,5Y,70
7-Jul-08,FHLMC,Fed Home Ln Mtg Corp,SNRFOR,USD,MR,5Y,78
8-Jul-08,FHLMC,Fed Home Ln Mtg Corp,SNRFOR,USD,MR,5Y,75
9-Jul-08,FHLMC,Fed Home Ln Mtg Corp,SNRFOR,USD,MR,5Y,80
10-Jul-08,FHLMC,Fed Home Ln Mtg Corp,SNRFOR,USD,MR,5Y,79
11-Jul-08,FHLMC,Fed Home Ln Mtg Corp,SNRFOR,USD,MR,5Y,57
14-Jul-08,FHLMC,Fed Home Ln Mtg Corp,SNRFOR,USD,MR,5Y,43
15-Jul-08,FHLMC,Fed Home Ln Mtg Corp,SNRFOR,USD,MR,5Y,48
16-Jul-08,FHLMC,Fed Home Ln Mtg Corp,SNRFOR,USD,MR,5Y,46
17-Jul-08,FHLMC,Fed Home Ln Mtg Corp,SNRFOR,USD,MR,5Y,43
18-Jul-08,FHLMC,Fed Home Ln Mtg Corp,SNRFOR,USD,MR,5Y,41
21-Jul-08,FHLMC,Fed Home Ln Mtg Corp,SNRFOR,USD,MR,5Y,41
22-Jul-08,FHLMC,Fed Home Ln Mtg Corp,SNRFOR,USD,MR,5Y,41
23-Jul-08,FHLMC,Fed Home Ln Mtg Corp,SNRFOR,USD,MR,5Y,40
24-Jul-08,FHLMC,Fed Home Ln Mtg Corp,SNRFOR,USD,MR,5Y,41
25-Jul-08,FHLMC,Fed Home Ln Mtg Corp,SNRFOR,USD,MR,5Y,43
28-Jul-08,FHLMC,Fed Home Ln Mtg Corp,SNRFOR,USD,MR,5Y,44
29-Jul-08,FHLMC,Fed Home Ln Mtg Corp,SNRFOR,USD,MR,5Y,43
30-Jul-08,FHLMC,Fed Home Ln Mtg Corp,SNRFOR,USD,MR,5Y,42
31-Jul-08,FHLMC,Fed Home Ln Mtg Corp,SNRFOR,USD,MR,5Y,43
1-Aug-08,FHLMC,Fed Home Ln Mtg Corp,SNRFOR,USD,MR,5Y,44
4-Aug-08,FHLMC,Fed Home Ln Mtg Corp,SNRFOR,USD,MR,5Y,44
5-Aug-08,FHLMC,Fed Home Ln Mtg Corp,SNRFOR,USD,MR,5Y,45
6-Aug-08,FHLMC,Fed Home Ln Mtg Corp,SNRFOR,USD,MR,5Y,47
7-Aug-08,FHLMC,Fed Home Ln Mtg Corp,SNRFOR,USD,MR,5Y,50
8-Aug-08,FHLMC,Fed Home Ln Mtg Corp,SNRFOR,USD,MR,5Y,49
11-Aug-08,FHLMC,Fed Home Ln Mtg Corp,SNRFOR,USD,MR,5Y,47
12-Aug-08,FHLMC,Fed Home Ln Mtg Corp,SNRFOR,USD,MR,5Y,47
13-Aug-08,FHLMC,Fed Home Ln Mtg Corp,SNRFOR,USD,MR,5Y,49
14-Aug-08,FHLMC,Fed Home Ln Mtg Corp,SNRFOR,USD,MR,5Y,49
15-Aug-08,FHLMC,Fed Home Ln Mtg Corp,SNRFOR,USD,MR,5Y,49
18-Aug-08,FHLMC,Fed Home Ln Mtg Corp,SNRFOR,USD,MR,5Y,50
19-Aug-08,FHLMC,Fed Home Ln Mtg Corp,SNRFOR,USD,MR,5Y,49
20-Aug-08,FHLMC,Fed Home Ln Mtg Corp,SNRFOR,USD,MR,5Y,41
21-Aug-08,FHLMC,Fed Home Ln Mtg Corp,SNRFOR,USD,MR,5Y,39
22-Aug-08,FHLMC,Fed Home Ln Mtg Corp,SNRFOR,USD,MR,5Y,36
25-Aug-08,FHLMC,Fed Home Ln Mtg Corp,SNRFOR,USD,MR,5Y,36
26-Aug-08,FHLMC,Fed Home Ln Mtg Corp,SNRFOR,USD,MR,5Y,37
27-Aug-08,FHLMC,Fed Home Ln Mtg Corp,SNRFOR,USD,MR,5Y,38
28-Aug-08,FHLMC,Fed Home Ln Mtg Corp,SNRFOR,USD,MR,5Y,38
29-Aug-08,FHLMC,Fed Home Ln Mtg Corp,SNRFOR,USD,MR,5Y,38
1-Sep-08,FHLMC,Fed Home Ln Mtg Corp,SNRFOR,USD,MR,5Y,38
2-Sep-08,FHLMC,Fed Home Ln Mtg Corp,SNRFOR,USD,MR,5Y,38
3-Sep-08,FHLMC,Fed Home Ln Mtg Corp,SNRFOR,USD,MR,5Y,38
4-Sep-08,FHLMC,Fed Home Ln Mtg Corp,SNRFOR,USD,MR,5Y,37
5-Sep-08,FHLMC,Fed Home Ln Mtg Corp,SNRFOR,USD,MR,5Y,38
14-May-07,FHLB,Fed Home Ln Bk,SNRFOR,USD,MR,5Y,10
15-May-07,FHLB,Fed Home Ln Bk,SNRFOR,USD,MR,5Y,9
16-May-07,FHLB,Fed Home Ln Bk,SNRFOR,USD,MR,5Y,9
17-May-07,FHLB,Fed Home Ln Bk,SNRFOR,USD,MR,5Y,9
18-May-07,FHLB,Fed Home Ln Bk,SNRFOR,USD,MR,5Y,9
21-May-07,FHLB,Fed Home Ln Bk,SNRFOR,USD,MR,5Y,9
22-May-07,FHLB,Fed Home Ln Bk,SNRFOR,USD,MR,5Y,9
23-May-07,FHLB,Fed Home Ln Bk,SNRFOR,USD,MR,5Y,9
24-May-07,FHLB,Fed Home Ln Bk,SNRFOR,USD,MR,5Y,9
25-May-07,FHLB,Fed Home Ln Bk,SNRFOR,USD,MR,5Y,9
28-May-07,FHLB,Fed Home Ln Bk,SNRFOR,USD,MR,5Y,9
29-May-07,FHLB,Fed Home Ln Bk,SNRFOR,USD,MR,5Y,9
30-May-07,FHLB,Fed Home Ln Bk,SNRFOR,USD,MR,5Y,9
31-May-07,FHLB,Fed Home Ln Bk,SNRFOR,USD,MR,5Y,8
1-Jun-07,FHLB,Fed Home Ln Bk,SNRFOR,USD,MR,5Y,8
4-Jun-07,FHLB,Fed Home Ln Bk,SNRFOR,USD,MR,5Y,8
5-Jun-07,FHLB,Fed Home Ln Bk,SNRFOR,USD,MR,5Y,8
6-Jun-07,FHLB,Fed Home Ln Bk,SNRFOR,USD,MR,5Y,8
7-Jun-07,FHLB,Fed Home Ln Bk,SNRFOR,USD,MR,5Y,8
8-Jun-07,FHLB,Fed Home Ln Bk,SNRFOR,USD,MR,5Y,8
11-Jun-07,FHLB,Fed Home Ln Bk,SNRFOR,USD,MR,5Y,8
12-Jun-07,FHLB,Fed Home Ln Bk,SNRFOR,USD,MR,5Y,8
13-Jun-07,FHLB,Fed Home Ln Bk,SNRFOR,USD,MR,5Y,8
14-Jun-07,FHLB,Fed Home Ln Bk,SNRFOR,USD,MR,5Y,8
15-Jun-07,FHLB,Fed Home Ln Bk,SNRFOR,USD,MR,5Y,8
18-Jun-07,FHLB,Fed Home Ln Bk,SNRFOR,USD,MR,5Y,8
19-Jun-07,FHLB,Fed Home Ln Bk,SNRFOR,USD,MR,5Y,8
20-Jun-07,FHLB,Fed Home Ln Bk,SNRFOR,USD,MR,5Y,8
21-Jun-07,FHLB,Fed Home Ln Bk,SNRFOR,USD,MR,5Y,8
22-Jun-07,FHLB,Fed Home Ln Bk,SNRFOR,USD,MR,5Y,8
25-Jun-07,FHLB,Fed Home Ln Bk,SNRFOR,USD,MR,5Y,8
26-Jun-07,FHLB,Fed Home Ln Bk,SNRFOR,USD,MR,5Y,8
27-Jun-07,FHLB,Fed Home Ln Bk,SNRFOR,USD,MR,5Y,8
28-Jun-07,FHLB,Fed Home Ln Bk,SNRFOR,USD,MR,5Y,8
29-Jun-07,FHLB,Fed Home Ln Bk,SNRFOR,USD,MR,5Y,8
2-Jul-07,FHLB,Fed Home Ln Bk,SNRFOR,USD,MR,5Y,8
3-Jul-07,FHLB,Fed Home Ln Bk,SNRFOR,USD,MR,5Y,8
4-Jul-07,FHLB,Fed Home Ln Bk,SNRFOR,USD,MR,5Y,9
5-Jul-07,FHLB,Fed Home Ln Bk,SNRFOR,USD,MR,5Y,9
6-Jul-07,FHLB,Fed Home Ln Bk,SNRFOR,USD,MR,5Y,9
9-Jul-07,FHLB,Fed Home Ln Bk,SNRFOR,USD,MR,5Y,9
10-Jul-07,FHLB,Fed Home Ln Bk,SNRFOR,USD,MR,5Y,9
11-Jul-07,FHLB,Fed Home Ln Bk,SNRFOR,USD,MR,5Y,10
12-Jul-07,FHLB,Fed Home Ln Bk,SNRFOR,USD,MR,5Y,10
13-Jul-07,FHLB,Fed Home Ln Bk,SNRFOR,USD,MR,5Y,10
16-Jul-07,FHLB,Fed Home Ln Bk,SNRFOR,USD,MR,5Y,10
17-Jul-07,FHLB,Fed Home Ln Bk,SNRFOR,USD,MR,5Y,10
18-Jul-07,FHLB,Fed Home Ln Bk,SNRFOR,USD,MR,5Y,11
19-Jul-07,FHLB,Fed Home Ln Bk,SNRFOR,USD,MR,5Y,11
20-Jul-07,FHLB,Fed Home Ln Bk,SNRFOR,USD,MR,5Y,11
23-Jul-07,FHLB,Fed Home Ln Bk,SNRFOR,USD,MR,5Y,11
24-Jul-07,FHLB,Fed Home Ln Bk,SNRFOR,USD,MR,5Y,11
25-Jul-07,FHLB,Fed Home Ln Bk,SNRFOR,USD,MR,5Y,11
26-Jul-07,FHLB,Fed Home Ln Bk,SNRFOR,USD,MR,5Y,11
8-Aug-07,FHLB,Fed Home Ln Bk,SNRFOR,USD,MR,5Y,28
9-Aug-07,FHLB,Fed Home Ln Bk,SNRFOR,USD,MR,5Y,29
10-Aug-07,FHLB,Fed Home Ln Bk,SNRFOR,USD,MR,5Y,24
13-Aug-07,FHLB,Fed Home Ln Bk,SNRFOR,USD,MR,5Y,24
14-Aug-07,FHLB,Fed Home Ln Bk,SNRFOR,USD,MR,5Y,24
15-Aug-07,FHLB,Fed Home Ln Bk,SNRFOR,USD,MR,5Y,24
16-Aug-07,FHLB,Fed Home Ln Bk,SNRFOR,USD,MR,5Y,24
17-Aug-07,FHLB,Fed Home Ln Bk,SNRFOR,USD,MR,5Y,24
20-Aug-07,FHLB,Fed Home Ln Bk,SNRFOR,USD,MR,5Y,24
21-Aug-07,FHLB,Fed Home Ln Bk,SNRFOR,USD,MR,5Y,24
22-Aug-07,FHLB,Fed Home Ln Bk,SNRFOR,USD,MR,5Y,24
23-Aug-07,FHLB,Fed Home Ln Bk,SNRFOR,USD,MR,5Y,24
24-Aug-07,FHLB,Fed Home Ln Bk,SNRFOR,USD,MR,5Y,24
27-Aug-07,FHLB,Fed Home Ln Bk,SNRFOR,USD,MR,5Y,24
28-Aug-07,FHLB,Fed Home Ln Bk,SNRFOR,USD,MR,5Y,20
29-Aug-07,FHLB,Fed Home Ln Bk,SNRFOR,USD,MR,5Y,20
30-Aug-07,FHLB,Fed Home Ln Bk,SNRFOR,USD,MR,5Y,20
31-Aug-07,FHLB,Fed Home Ln Bk,SNRFOR,USD,MR,5Y,20
3-Sep-07,FHLB,Fed Home Ln Bk,SNRFOR,USD,MR,5Y,20
4-Sep-07,FHLB,Fed Home Ln Bk,SNRFOR,USD,MR,5Y,20
5-Sep-07,FHLB,Fed Home Ln Bk,SNRFOR,USD,MR,5Y,20
6-Sep-07,FHLB,Fed Home Ln Bk,SNRFOR,USD,MR,5Y,20
7-Sep-07,FHLB,Fed Home Ln Bk,SNRFOR,USD,MR,5Y,20
10-Sep-07,FHLB,Fed Home Ln Bk,SNRFOR,USD,MR,5Y,20
11-Sep-07,FHLB,Fed Home Ln Bk,SNRFOR,USD,MR,5Y,20
12-Sep-07,FHLB,Fed Home Ln Bk,SNRFOR,USD,MR,5Y,20
13-Sep-07,FHLB,Fed Home Ln Bk,SNRFOR,USD,MR,5Y,20
14-Sep-07,FHLB,Fed Home Ln Bk,SNRFOR,USD,MR,5Y,20
17-Sep-07,FHLB,Fed Home Ln Bk,SNRFOR,USD,MR,5Y,20
18-Sep-07,FHLB,Fed Home Ln Bk,SNRFOR,USD,MR,5Y,20
19-Sep-07,FHLB,Fed Home Ln Bk,SNRFOR,USD,MR,5Y,19
20-Sep-07,FHLB,Fed Home Ln Bk,SNRFOR,USD,MR,5Y,19
21-Sep-07,FHLB,Fed Home Ln Bk,SNRFOR,USD,MR,5Y,19
24-Sep-07,FHLB,Fed Home Ln Bk,SNRFOR,USD,MR,5Y,18
25-Sep-07,FHLB,Fed Home Ln Bk,SNRFOR,USD,MR,5Y,17
26-Sep-07,FHLB,Fed Home Ln Bk,SNRFOR,USD,MR,5Y,17
27-Sep-07,FHLB,Fed Home Ln Bk,SNRFOR,USD,MR,5Y,17
28-Sep-07,FHLB,Fed Home Ln Bk,SNRFOR,USD,MR,5Y,17
1-Oct-07,FHLB,Fed Home Ln Bk,SNRFOR,USD,MR,5Y,17
2-Oct-07,FHLB,Fed Home Ln Bk,SNRFOR,USD,MR,5Y,17
3-Oct-07,FHLB,Fed Home Ln Bk,SNRFOR,USD,MR,5Y,17
4-Oct-07,FHLB,Fed Home Ln Bk,SNRFOR,USD,MR,5Y,17
5-Oct-07,FHLB,Fed Home Ln Bk,SNRFOR,USD,MR,5Y,17
8-Oct-07,FHLB,Fed Home Ln Bk,SNRFOR,USD,MR,5Y,17
9-Oct-07,FHLB,Fed Home Ln Bk,SNRFOR,USD,MR,5Y,17
10-Oct-07,FHLB,Fed Home Ln Bk,SNRFOR,USD,MR,5Y,16
11-Oct-07,FHLB,Fed Home Ln Bk,SNRFOR,USD,MR,5Y,16
12-Oct-07,FHLB,Fed Home Ln Bk,SNRFOR,USD,MR,5Y,16
15-Oct-07,FHLB,Fed Home Ln Bk,SNRFOR,USD,MR,5Y,16
16-Oct-07,FHLB,Fed Home Ln Bk,SNRFOR,USD,MR,5Y,16
17-Oct-07,FHLB,Fed Home Ln Bk,SNRFOR,USD,MR,5Y,16
18-Oct-07,FHLB,Fed Home Ln Bk,SNRFOR,USD,MR,5Y,16
19-Oct-07,FHLB,Fed Home Ln Bk,SNRFOR,USD,MR,5Y,16
22-Oct-07,FHLB,Fed Home Ln Bk,SNRFOR,USD,MR,5Y,16
23-Oct-07,FHLB,Fed Home Ln Bk,SNRFOR,USD,MR,5Y,16
24-Oct-07,FHLB,Fed Home Ln Bk,SNRFOR,USD,MR,5Y,16
25-Oct-07,FHLB,Fed Home Ln Bk,SNRFOR,USD,MR,5Y,16
26-Oct-07,FHLB,Fed Home Ln Bk,SNRFOR,USD,MR,5Y,16
29-Oct-07,FHLB,Fed Home Ln Bk,SNRFOR,USD,MR,5Y,16
30-Oct-07,FHLB,Fed Home Ln Bk,SNRFOR,USD,MR,5Y,27
31-Oct-07,FHLB,Fed Home Ln Bk,SNRFOR,USD,MR,5Y,27
1-Nov-07,FHLB,Fed Home Ln Bk,SNRFOR,USD,MR,5Y,31
2-Nov-07,FHLB,Fed Home Ln Bk,SNRFOR,USD,MR,5Y,36
5-Nov-07,FHLB,Fed Home Ln Bk,SNRFOR,USD,MR,5Y,44
6-Nov-07,FHLB,Fed Home Ln Bk,SNRFOR,USD,MR,5Y,44
7-Nov-07,FHLB,Fed Home Ln Bk,SNRFOR,USD,MR,5Y,45
8-Nov-07,FHLB,Fed Home Ln Bk,SNRFOR,USD,MR,5Y,45
9-Nov-07,FHLB,Fed Home Ln Bk,SNRFOR,USD,MR,5Y,45
12-Nov-07,FHLB,Fed Home Ln Bk,SNRFOR,USD,MR,5Y,45
13-Nov-07,FHLB,Fed Home Ln Bk,SNRFOR,USD,MR,5Y,43
14-Nov-07,FHLB,Fed Home Ln Bk,SNRFOR,USD,MR,5Y,40
15-Nov-07,FHLB,Fed Home Ln Bk,SNRFOR,USD,MR,5Y,40
16-Nov-07,FHLB,Fed Home Ln Bk,SNRFOR,USD,MR,5Y,40
19-Nov-07,FHLB,Fed Home Ln Bk,SNRFOR,USD,MR,5Y,40
20-Nov-07,FHLB,Fed Home Ln Bk,SNRFOR,USD,MR,5Y,40
21-Nov-07,FHLB,Fed Home Ln Bk,SNRFOR,USD,MR,5Y,40
22-Nov-07,FHLB,Fed Home Ln Bk,SNRFOR,USD,MR,5Y,40
23-Nov-07,FHLB,Fed Home Ln Bk,SNRFOR,USD,MR,5Y,40
26-Nov-07,FHLB,Fed Home Ln Bk,SNRFOR,USD,MR,5Y,40
27-Nov-07,FHLB,Fed Home Ln Bk,SNRFOR,USD,MR,5Y,40
28-Nov-07,FHLB,Fed Home Ln Bk,SNRFOR,USD,MR,5Y,40
29-Nov-07,FHLB,Fed Home Ln Bk,SNRFOR,USD,MR,5Y,40
30-Nov-07,FHLB,Fed Home Ln Bk,SNRFOR,USD,MR,5Y,40
3-Dec-07,FHLB,Fed Home Ln Bk,SNRFOR,USD,MR,5Y,40
4-Dec-07,FHLB,Fed Home Ln Bk,SNRFOR,USD,MR,5Y,40
5-Dec-07,FHLB,Fed Home Ln Bk,SNRFOR,USD,MR,5Y,40
6-Dec-07,FHLB,Fed Home Ln Bk,SNRFOR,USD,MR,5Y,40
7-Dec-07,FHLB,Fed Home Ln Bk,SNRFOR,USD,MR,5Y,40
10-Dec-07,FHLB,Fed Home Ln Bk,SNRFOR,USD,MR,5Y,38
11-Dec-07,FHLB,Fed Home Ln Bk,SNRFOR,USD,MR,5Y,40
12-Dec-07,FHLB,Fed Home Ln Bk,SNRFOR,USD,MR,5Y,39
13-Dec-07,FHLB,Fed Home Ln Bk,SNRFOR,USD,MR,5Y,39
14-Dec-07,FHLB,Fed Home Ln Bk,SNRFOR,USD,MR,5Y,39
17-Dec-07,FHLB,Fed Home Ln Bk,SNRFOR,USD,MR,5Y,38
18-Dec-07,FHLB,Fed Home Ln Bk,SNRFOR,USD,MR,5Y,37
19-Dec-07,FHLB,Fed Home Ln Bk,SNRFOR,USD,MR,5Y,33
20-Dec-07,FHLB,Fed Home Ln Bk,SNRFOR,USD,MR,5Y,31
21-Dec-07,FHLB,Fed Home Ln Bk,SNRFOR,USD,MR,5Y,31
24-Dec-07,FHLB,Fed Home Ln Bk,SNRFOR,USD,MR,5Y,30
25-Dec-07,FHLB,Fed Home Ln Bk,SNRFOR,USD,MR,5Y,30
26-Dec-07,FHLB,Fed Home Ln Bk,SNRFOR,USD,MR,5Y,30
27-Dec-07,FHLB,Fed Home Ln Bk,SNRFOR,USD,MR,5Y,30
28-Dec-07,FHLB,Fed Home Ln Bk,SNRFOR,USD,MR,5Y,30
31-Dec-07,FHLB,Fed Home Ln Bk,SNRFOR,USD,MR,5Y,30
1-Jan-08,FHLB,Fed Home Ln Bk,SNRFOR,USD,MR,5Y,30
2-Jan-08,FHLB,Fed Home Ln Bk,SNRFOR,USD,MR,5Y,30
3-Jan-08,FHLB,Fed Home Ln Bk,SNRFOR,USD,MR,5Y,30
4-Jan-08,FHLB,Fed Home Ln Bk,SNRFOR,USD,MR,5Y,37
7-Jan-08,FHLB,Fed Home Ln Bk,SNRFOR,USD,MR,5Y,37
8-Jan-08,FHLB,Fed Home Ln Bk,SNRFOR,USD,MR,5Y,37
9-Jan-08,FHLB,Fed Home Ln Bk,SNRFOR,USD,MR,5Y,37
10-Jan-08,FHLB,Fed Home Ln Bk,SNRFOR,USD,MR,5Y,38
11-Jan-08,FHLB,Fed Home Ln Bk,SNRFOR,USD,MR,5Y,39
14-Jan-08,FHLB,Fed Home Ln Bk,SNRFOR,USD,MR,5Y,39
15-Jan-08,FHLB,Fed Home Ln Bk,SNRFOR,USD,MR,5Y,40
16-Jan-08,FHLB,Fed Home Ln Bk,SNRFOR,USD,MR,5Y,40
17-Jan-08,FHLB,Fed Home Ln Bk,SNRFOR,USD,MR,5Y,43
18-Jan-08,FHLB,Fed Home Ln Bk,SNRFOR,USD,MR,5Y,46
21-Jan-08,FHLB,Fed Home Ln Bk,SNRFOR,USD,MR,5Y,46
22-Jan-08,FHLB,Fed Home Ln Bk,SNRFOR,USD,MR,5Y,46
23-Jan-08,FHLB,Fed Home Ln Bk,SNRFOR,USD,MR,5Y,46
24-Jan-08,FHLB,Fed Home Ln Bk,SNRFOR,USD,MR,5Y,46
25-Jan-08,FHLB,Fed Home Ln Bk,SNRFOR,USD,MR,5Y,48
28-Jan-08,FHLB,Fed Home Ln Bk,SNRFOR,USD,MR,5Y,50
29-Jan-08,FHLB,Fed Home Ln Bk,SNRFOR,USD,MR,5Y,50
30-Jan-08,FHLB,Fed Home Ln Bk,SNRFOR,USD,MR,5Y,48
31-Jan-08,FHLB,Fed Home Ln Bk,SNRFOR,USD,MR,5Y,48
1-Feb-08,FHLB,Fed Home Ln Bk,SNRFOR,USD,MR,5Y,49
4-Feb-08,FHLB,Fed Home Ln Bk,SNRFOR,USD,MR,5Y,49
5-Feb-08,FHLB,Fed Home Ln Bk,SNRFOR,USD,MR,5Y,49
6-Feb-08,FHLB,Fed Home Ln Bk,SNRFOR,USD,MR,5Y,53
7-Feb-08,FHLB,Fed Home Ln Bk,SNRFOR,USD,MR,5Y,55
8-Feb-08,FHLB,Fed Home Ln Bk,SNRFOR,USD,MR,5Y,61
11-Feb-08,FHLB,Fed Home Ln Bk,SNRFOR,USD,MR,5Y,63
12-Feb-08,FHLB,Fed Home Ln Bk,SNRFOR,USD,MR,5Y,65
13-Feb-08,FHLB,Fed Home Ln Bk,SNRFOR,USD,MR,5Y,69
14-Feb-08,FHLB,Fed Home Ln Bk,SNRFOR,USD,MR,5Y,72
15-Feb-08,FHLB,Fed Home Ln Bk,SNRFOR,USD,MR,5Y,72
18-Feb-08,FHLB,Fed Home Ln Bk,SNRFOR,USD,MR,5Y,72
19-Feb-08,FHLB,Fed Home Ln Bk,SNRFOR,USD,MR,5Y,74
20-Feb-08,FHLB,Fed Home Ln Bk,SNRFOR,USD,MR,5Y,74
21-Feb-08,FHLB,Fed Home Ln Bk,SNRFOR,USD,MR,5Y,74
22-Feb-08,FHLB,Fed Home Ln Bk,SNRFOR,USD,MR,5Y,74
25-Feb-08,FHLB,Fed Home Ln Bk,SNRFOR,USD,MR,5Y,74
26-Feb-08,FHLB,Fed Home Ln Bk,SNRFOR,USD,MR,5Y,74
27-Feb-08,FHLB,Fed Home Ln Bk,SNRFOR,USD,MR,5Y,74
28-Feb-08,FHLB,Fed Home Ln Bk,SNRFOR,USD,MR,5Y,75
29-Feb-08,FHLB,Fed Home Ln Bk,SNRFOR,USD,MR,5Y,75
3-Mar-08,FHLB,Fed Home Ln Bk,SNRFOR,USD,MR,5Y,75
4-Mar-08,FHLB,Fed Home Ln Bk,SNRFOR,USD,MR,5Y,75
5-Mar-08,FHLB,Fed Home Ln Bk,SNRFOR,USD,MR,5Y,75
6-Mar-08,FHLB,Fed Home Ln Bk,SNRFOR,USD,MR,5Y,79
7-Mar-08,FHLB,Fed Home Ln Bk,SNRFOR,USD,MR,5Y,79
10-Mar-08,FHLB,Fed Home Ln Bk,SNRFOR,USD,MR,5Y,79
11-Mar-08,FHLB,Fed Home Ln Bk,SNRFOR,USD,MR,5Y,80
12-Mar-08,FHLB,Fed Home Ln Bk,SNRFOR,USD,MR,5Y,80
13-Mar-08,FHLB,Fed Home Ln Bk,SNRFOR,USD,MR,5Y,80
14-Mar-08,FHLB,Fed Home Ln Bk,SNRFOR,USD,MR,5Y,80
17-Mar-08,FHLB,Fed Home Ln Bk,SNRFOR,USD,MR,5Y,80
18-Mar-08,FHLB,Fed Home Ln Bk,SNRFOR,USD,MR,5Y,80
19-Mar-08,FHLB,Fed Home Ln Bk,SNRFOR,USD,MR,5Y,80
20-Mar-08,FHLB,Fed Home Ln Bk,SNRFOR,USD,MR,5Y,80
21-Mar-08,FHLB,Fed Home Ln Bk,SNRFOR,USD,MR,5Y,80
24-Mar-08,FHLB,Fed Home Ln Bk,SNRFOR,USD,MR,5Y,80
25-Mar-08,FHLB,Fed Home Ln Bk,SNRFOR,USD,MR,5Y,80
26-Mar-08,FHLB,Fed Home Ln Bk,SNRFOR,USD,MR,5Y,80
27-Mar-08,FHLB,Fed Home Ln Bk,SNRFOR,USD,MR,5Y,80
28-Mar-08,FHLB,Fed Home Ln Bk,SNRFOR,USD,MR,5Y,80
31-Mar-08,FHLB,Fed Home Ln Bk,SNRFOR,USD,MR,5Y,80
1-Apr-08,FHLB,Fed Home Ln Bk,SNRFOR,USD,MR,5Y,80
2-Apr-08,FHLB,Fed Home Ln Bk,SNRFOR,USD,MR,5Y,80
3-Apr-08,FHLB,Fed Home Ln Bk,SNRFOR,USD,MR,5Y,80
4-Apr-08,FHLB,Fed Home Ln Bk,SNRFOR,USD,MR,5Y,80
7-Apr-08,FHLB,Fed Home Ln Bk,SNRFOR,USD,MR,5Y,80
8-Apr-08,FHLB,Fed Home Ln Bk,SNRFOR,USD,MR,5Y,80
9-Apr-08,FHLB,Fed Home Ln Bk,SNRFOR,USD,MR,5Y,80
10-Apr-08,FHLB,Fed Home Ln Bk,SNRFOR,USD,MR,5Y,80
11-Apr-08,FHLB,Fed Home Ln Bk,SNRFOR,USD,MR,5Y,80
14-Apr-08,FHLB,Fed Home Ln Bk,SNRFOR,USD,MR,5Y,80
15-Apr-08,FHLB,Fed Home Ln Bk,SNRFOR,USD,MR,5Y,80
16-Apr-08,FHLB,Fed Home Ln Bk,SNRFOR,USD,MR,5Y,80
17-Apr-08,FHLB,Fed Home Ln Bk,SNRFOR,USD,MR,5Y,80
18-Apr-08,FHLB,Fed Home Ln Bk,SNRFOR,USD,MR,5Y,28
21-Apr-08,FHLB,Fed Home Ln Bk,SNRFOR,USD,MR,5Y,28
22-Apr-08,FHLB,Fed Home Ln Bk,SNRFOR,USD,MR,5Y,28
23-Apr-08,FHLB,Fed Home Ln Bk,SNRFOR,USD,MR,5Y,28
24-Apr-08,FHLB,Fed Home Ln Bk,SNRFOR,USD,MR,5Y,28
25-Apr-08,FHLB,Fed Home Ln Bk,SNRFOR,USD,MR,5Y,28
28-Apr-08,FHLB,Fed Home Ln Bk,SNRFOR,USD,MR,5Y,28
29-Apr-08,FHLB,Fed Home Ln Bk,SNRFOR,USD,MR,5Y,28
30-Apr-08,FHLB,Fed Home Ln Bk,SNRFOR,USD,MR,5Y,28
1-May-08,FHLB,Fed Home Ln Bk,SNRFOR,USD,MR,5Y,28
2-May-08,FHLB,Fed Home Ln Bk,SNRFOR,USD,MR,5Y,28
5-May-08,FHLB,Fed Home Ln Bk,SNRFOR,USD,MR,5Y,28
6-May-08,FHLB,Fed Home Ln Bk,SNRFOR,USD,MR,5Y,28
7-May-08,FHLB,Fed Home Ln Bk,SNRFOR,USD,MR,5Y,29
8-May-08,FHLB,Fed Home Ln Bk,SNRFOR,USD,MR,5Y,29
9-May-08,FHLB,Fed Home Ln Bk,SNRFOR,USD,MR,5Y,29
12-May-08,FHLB,Fed Home Ln Bk,SNRFOR,USD,MR,5Y,29
13-May-08,FHLB,Fed Home Ln Bk,SNRFOR,USD,MR,5Y,29
14-May-08,FHLB,Fed Home Ln Bk,SNRFOR,USD,MR,5Y,29
15-May-08,FHLB,Fed Home Ln Bk,SNRFOR,USD,MR,5Y,29
16-May-08,FHLB,Fed Home Ln Bk,SNRFOR,USD,MR,5Y,29
19-May-08,FHLB,Fed Home Ln Bk,SNRFOR,USD,MR,5Y,29
20-May-08,FHLB,Fed Home Ln Bk,SNRFOR,USD,MR,5Y,29
21-May-08,FHLB,Fed Home Ln Bk,SNRFOR,USD,MR,5Y,29
22-May-08,FHLB,Fed Home Ln Bk,SNRFOR,USD,MR,5Y,30
23-May-08,FHLB,Fed Home Ln Bk,SNRFOR,USD,MR,5Y,30
26-May-08,FHLB,Fed Home Ln Bk,SNRFOR,USD,MR,5Y,30
27-May-08,FHLB,Fed Home Ln Bk,SNRFOR,USD,MR,5Y,30
28-May-08,FHLB,Fed Home Ln Bk,SNRFOR,USD,MR,5Y,33
29-May-08,FHLB,Fed Home Ln Bk,SNRFOR,USD,MR,5Y,32
30-May-08,FHLB,Fed Home Ln Bk,SNRFOR,USD,MR,5Y,32
2-Jun-08,FHLB,Fed Home Ln Bk,SNRFOR,USD,MR,5Y,32
3-Jun-08,FHLB,Fed Home Ln Bk,SNRFOR,USD,MR,5Y,33
4-Jun-08,FHLB,Fed Home Ln Bk,SNRFOR,USD,MR,5Y,33
5-Jun-08,FHLB,Fed Home Ln Bk,SNRFOR,USD,MR,5Y,33
6-Jun-08,FHLB,Fed Home Ln Bk,SNRFOR,USD,MR,5Y,33
9-Jun-08,FHLB,Fed Home Ln Bk,SNRFOR,USD,MR,5Y,34
10-Jun-08,FHLB,Fed Home Ln Bk,SNRFOR,USD,MR,5Y,34
11-Jun-08,FHLB,Fed Home Ln Bk,SNRFOR,USD,MR,5Y,34
12-Jun-08,FHLB,Fed Home Ln Bk,SNRFOR,USD,MR,5Y,35
13-Jun-08,FHLB,Fed Home Ln Bk,SNRFOR,USD,MR,5Y,35
16-Jun-08,FHLB,Fed Home Ln Bk,SNRFOR,USD,MR,5Y,35
17-Jun-08,FHLB,Fed Home Ln Bk,SNRFOR,USD,MR,5Y,35
18-Jun-08,FHLB,Fed Home Ln Bk,SNRFOR,USD,MR,5Y,35
19-Jun-08,FHLB,Fed Home Ln Bk,SNRFOR,USD,MR,5Y,35
20-Jun-08,FHLB,Fed Home Ln Bk,SNRFOR,USD,MR,5Y,35
23-Jun-08,FHLB,Fed Home Ln Bk,SNRFOR,USD,MR,5Y,35
24-Jun-08,FHLB,Fed Home Ln Bk,SNRFOR,USD,MR,5Y,35
25-Jun-08,FHLB,Fed Home Ln Bk,SNRFOR,USD,MR,5Y,35
26-Jun-08,FHLB,Fed Home Ln Bk,SNRFOR,USD,MR,5Y,35
7-Jul-08,FHLB,Fed Home Ln Bk,SNRFOR,USD,MR,5Y,62
9-Jul-08,FHLB,Fed Home Ln Bk,SNRFOR,USD,MR,5Y,64
10-Jul-08,FHLB,Fed Home Ln Bk,SNRFOR,USD,MR,5Y,67
30-Jul-08,FHLB,Fed Home Ln Bk,SNRFOR,USD,MR,5Y,30
31-Jul-08,FHLB,Fed Home Ln Bk,SNRFOR,USD,MR,5Y,30
6-Aug-08,FHLB,Fed Home Ln Bk,SNRFOR,USD,MR,5Y,48
7-Aug-08,FHLB,Fed Home Ln Bk,SNRFOR,USD,MR,5Y,45
8-Aug-08,FHLB,Fed Home Ln Bk,SNRFOR,USD,MR,5Y,45
11-Aug-08,FHLB,Fed Home Ln Bk,SNRFOR,USD,MR,5Y,49
12-Aug-08,FHLB,Fed Home Ln Bk,SNRFOR,USD,MR,5Y,45
13-Aug-08,FHLB,Fed Home Ln Bk,SNRFOR,USD,MR,5Y,45
14-Aug-08,FHLB,Fed Home Ln Bk,SNRFOR,USD,MR,5Y,45
15-Aug-08,FHLB,Fed Home Ln Bk,SNRFOR,USD,MR,5Y,46
18-Aug-08,FHLB,Fed Home Ln Bk,SNRFOR,USD,MR,5Y,47
19-Aug-08,FHLB,Fed Home Ln Bk,SNRFOR,USD,MR,5Y,47
20-Aug-08,FHLB,Fed Home Ln Bk,SNRFOR,USD,MR,5Y,47
21-Aug-08,FHLB,Fed Home Ln Bk,SNRFOR,USD,MR,5Y,47
22-Aug-08,FHLB,Fed Home Ln Bk,SNRFOR,USD,MR,5Y,47
25-Aug-08,FHLB,Fed Home Ln Bk,SNRFOR,USD,MR,5Y,47
26-Aug-08,FHLB,Fed Home Ln Bk,SNRFOR,USD,MR,5Y,47
27-Aug-08,FHLB,Fed Home Ln Bk,SNRFOR,USD,MR,5Y,51
28-Aug-08,FHLB,Fed Home Ln Bk,SNRFOR,USD,MR,5Y,53
29-Aug-08,FHLB,Fed Home Ln Bk,SNRFOR,USD,MR,5Y,54
1-Sep-08,FHLB,Fed Home Ln Bk,SNRFOR,USD,MR,5Y,54
2-Sep-08,FHLB,Fed Home Ln Bk,SNRFOR,USD,MR,5Y,52
3-Sep-08,FHLB,Fed Home Ln Bk,SNRFOR,USD,MR,5Y,55
4-Sep-08,FHLB,Fed Home Ln Bk,SNRFOR,USD,MR,5Y,55
5-Sep-08,FHLB,Fed Home Ln Bk,SNRFOR,USD,MR,5Y,58
8-Sep-08,FHLB,Fed Home Ln Bk,SNRFOR,USD,MR,5Y,58
9-Sep-08,FHLB,Fed Home Ln Bk,SNRFOR,USD,MR,5Y,54
10-Sep-08,FHLB,Fed Home Ln Bk,SNRFOR,USD,MR,5Y,54
11-Sep-08,FHLB,Fed Home Ln Bk,SNRFOR,USD,MR,5Y,58
12-Sep-08,FHLB,Fed Home Ln Bk,SNRFOR,USD,MR,5Y,57
15-Sep-08,FHLB,Fed Home Ln Bk,SNRFOR,USD,MR,5Y,57
16-Sep-08,FHLB,Fed Home Ln Bk,SNRFOR,USD,MR,5Y,54
17-Sep-08,FHLB,Fed Home Ln Bk,SNRFOR,USD,MR,5Y,54
19-Sep-08,FHLB,Fed Home Ln Bk,SNRFOR,USD,MR,5Y,55
22-Sep-08,FHLB,Fed Home Ln Bk,SNRFOR,USD,MR,5Y,58
23-Sep-08,FHLB,Fed Home Ln Bk,SNRFOR,USD,MR,5Y,58
24-Sep-08,FHLB,Fed Home Ln Bk,SNRFOR,USD,MR,5Y,58
25-Sep-08,FHLB,Fed Home Ln Bk,SNRFOR,USD,MR,5Y,54
26-Sep-08,FHLB,Fed Home Ln Bk,SNRFOR,USD,MR,5Y,51
29-Sep-08,FHLB,Fed Home Ln Bk,SNRFOR,USD,MR,5Y,51
30-Sep-08,FHLB,Fed Home Ln Bk,SNRFOR,USD,MR,5Y,51
1-Oct-08,FHLB,Fed Home Ln Bk,SNRFOR,USD,MR,5Y,49
2-Oct-08,FHLB,Fed Home Ln Bk,SNRFOR,USD,MR,5Y,49
3-Oct-08,FHLB,Fed Home Ln Bk,SNRFOR,USD,MR,5Y,48
6-Oct-08,FHLB,Fed Home Ln Bk,SNRFOR,USD,MR,5Y,47
7-Oct-08,FHLB,Fed Home Ln Bk,SNRFOR,USD,MR,5Y,47
8-Oct-08,FHLB,Fed Home Ln Bk,SNRFOR,USD,MR,5Y,47
9-Oct-08,FHLB,Fed Home Ln Bk,SNRFOR,USD,MR,5Y,47
10-Oct-08,FHLB,Fed Home Ln Bk,SNRFOR,USD,MR,5Y,47
13-Oct-08,FHLB,Fed Home Ln Bk,SNRFOR,USD,MR,5Y,47
14-Oct-08,FHLB,Fed Home Ln Bk,SNRFOR,USD,MR,5Y,47
15-Oct-08,FHLB,Fed Home Ln Bk,SNRFOR,USD,MR,5Y,47
16-Oct-08,FHLB,Fed Home Ln Bk,SNRFOR,USD,MR,5Y,47
17-Oct-08,FHLB,Fed Home Ln Bk,SNRFOR,USD,MR,5Y,47
20-Oct-08,FHLB,Fed Home Ln Bk,SNRFOR,USD,MR,5Y,47
21-Oct-08,FHLB,Fed Home Ln Bk,SNRFOR,USD,MR,5Y,47
22-Oct-08,FHLB,Fed Home Ln Bk,SNRFOR,USD,MR,5Y,47
23-Oct-08,FHLB,Fed Home Ln Bk,SNRFOR,USD,MR,5Y,44
24-Oct-08,FHLB,Fed Home Ln Bk,SNRFOR,USD,MR,5Y,42
27-Oct-08,FHLB,Fed Home Ln Bk,SNRFOR,USD,MR,5Y,41
28-Oct-08,FHLB,Fed Home Ln Bk,SNRFOR,USD,MR,5Y,41
29-Oct-08,FHLB,Fed Home Ln Bk,SNRFOR,USD,MR,5Y,40
30-Oct-08,FHLB,Fed Home Ln Bk,SNRFOR,USD,MR,5Y,40
31-Oct-08,FHLB,Fed Home Ln Bk,SNRFOR,USD,MR,5Y,40
3-Nov-08,FHLB,Fed Home Ln Bk,SNRFOR,USD,MR,5Y,40
4-Nov-08,FHLB,Fed Home Ln Bk,SNRFOR,USD,MR,5Y,40
5-Nov-08,FHLB,Fed Home Ln Bk,SNRFOR,USD,MR,5Y,40
6-Nov-08,FHLB,Fed Home Ln Bk,SNRFOR,USD,MR,5Y,40
7-Nov-08,FHLB,Fed Home Ln Bk,SNRFOR,USD,MR,5Y,39
10-Nov-08,FHLB,Fed Home Ln Bk,SNRFOR,USD,MR,5Y,39
11-Nov-08,FHLB,Fed Home Ln Bk,SNRFOR,USD,MR,5Y,39
12-Nov-08,FHLB,Fed Home Ln Bk,SNRFOR,USD,MR,5Y,39
13-Nov-08,FHLB,Fed Home Ln Bk,SNRFOR,USD,MR,5Y,39
14-Nov-08,FHLB,Fed Home Ln Bk,SNRFOR,USD,MR,5Y,39
17-Nov-08,FHLB,Fed Home Ln Bk,SNRFOR,USD,MR,5Y,39
19-Nov-08,FHLB,Fed Home Ln Bk,SNRFOR,USD,MR,5Y,39
20-Nov-08,FHLB,Fed Home Ln Bk,SNRFOR,USD,MR,5Y,40
21-Nov-08,FHLB,Fed Home Ln Bk,SNRFOR,USD,MR,5Y,40
24-Nov-08,FHLB,Fed Home Ln Bk,SNRFOR,USD,MR,5Y,40
25-Nov-08,FHLB,Fed Home Ln Bk,SNRFOR,USD,MR,5Y,40
26-Nov-08,FHLB,Fed Home Ln Bk,SNRFOR,USD,MR,5Y,40
27-Nov-08,FHLB,Fed Home Ln Bk,SNRFOR,USD,MR,5Y,40
28-Nov-08,FHLB,Fed Home Ln Bk,SNRFOR,USD,MR,5Y,42
1-Dec-08,FHLB,Fed Home Ln Bk,SNRFOR,USD,MR,5Y,42
2-Dec-08,FHLB,Fed Home Ln Bk,SNRFOR,USD,MR,5Y,42
3-Dec-08,FHLB,Fed Home Ln Bk,SNRFOR,USD,MR,5Y,44
4-Dec-08,FHLB,Fed Home Ln Bk,SNRFOR,USD,MR,5Y,44
5-Dec-08,FHLB,Fed Home Ln Bk,SNRFOR,USD,MR,5Y,44
8-Dec-08,FHLB,Fed Home Ln Bk,SNRFOR,USD,MR,5Y,44
9-Dec-08,FHLB,Fed Home Ln Bk,SNRFOR,USD,MR,5Y,45
10-Dec-08,FHLB,Fed Home Ln Bk,SNRFOR,USD,MR,5Y,45
11-Dec-08,FHLB,Fed Home Ln Bk,SNRFOR,USD,MR,5Y,46
12-Dec-08,FHLB,Fed Home Ln Bk,SNRFOR,USD,MR,5Y,46
15-Dec-08,FHLB,Fed Home Ln Bk,SNRFOR,USD,MR,5Y,46
16-Dec-08,FHLB,Fed Home Ln Bk,SNRFOR,USD,MR,5Y,46
17-Dec-08,FHLB,Fed Home Ln Bk,SNRFOR,USD,MR,5Y,46
18-Dec-08,FHLB,Fed Home Ln Bk,SNRFOR,USD,MR,5Y,46
19-Dec-08,FHLB,Fed Home Ln Bk,SNRFOR,USD,MR,5Y,45
22-Dec-08,FHLB,Fed Home Ln Bk,SNRFOR,USD,MR,5Y,45
23-Dec-08,FHLB,Fed Home Ln Bk,SNRFOR,USD,MR,5Y,45
24-Dec-08,FHLB,Fed Home Ln Bk,SNRFOR,USD,MR,5Y,45
25-Dec-08,FHLB,Fed Home Ln Bk,SNRFOR,USD,MR,5Y,45
26-Dec-08,FHLB,Fed Home Ln Bk,SNRFOR,USD,MR,5Y,45
29-Dec-08,FHLB,Fed Home Ln Bk,SNRFOR,USD,MR,5Y,45
30-Dec-08,FHLB,Fed Home Ln Bk,SNRFOR,USD,MR,5Y,45
31-Dec-08,FHLB,Fed Home Ln Bk,SNRFOR,USD,MR,5Y,45
1-Jan-09,FHLB,Fed Home Ln Bk,SNRFOR,USD,MR,5Y,45
2-Jan-09,FHLB,Fed Home Ln Bk,SNRFOR,USD,MR,5Y,45
5-Jan-09,FHLB,Fed Home Ln Bk,SNRFOR,USD,MR,5Y,46
6-Jan-09,FHLB,Fed Home Ln Bk,SNRFOR,USD,MR,5Y,46
7-Jan-09,FHLB,Fed Home Ln Bk,SNRFOR,USD,MR,5Y,46
8-Jan-09,FHLB,Fed Home Ln Bk,SNRFOR,USD,MR,5Y,46
9-Jan-09,FHLB,Fed Home Ln Bk,SNRFOR,USD,MR,5Y,46
12-Jan-09,FHLB,Fed Home Ln Bk,SNRFOR,USD,MR,5Y,46
13-Jan-09,FHLB,Fed Home Ln Bk,SNRFOR,USD,MR,5Y,46
28-Jan-09,FHLB,Fed Home Ln Bk,SNRFOR,USD,MR,5Y,90
29-Jan-09,FHLB,Fed Home Ln Bk,SNRFOR,USD,MR,5Y,82
30-Jan-09,FHLB,Fed Home Ln Bk,SNRFOR,USD,MR,5Y,79
2-Feb-09,FHLB,Fed Home Ln Bk,SNRFOR,USD,MR,5Y,79
3-Feb-09,FHLB,Fed Home Ln Bk,SNRFOR,USD,MR,5Y,75
4-Feb-09,FHLB,Fed Home Ln Bk,SNRFOR,USD,MR,5Y,75
5-Feb-09,FHLB,Fed Home Ln Bk,SNRFOR,USD,MR,5Y,74
6-Feb-09,FHLB,Fed Home Ln Bk,SNRFOR,USD,MR,5Y,73
9-Feb-09,FHLB,Fed Home Ln Bk,SNRFOR,USD,MR,5Y,73
10-Feb-09,FHLB,Fed Home Ln Bk,SNRFOR,USD,MR,5Y,72
11-Feb-09,FHLB,Fed Home Ln Bk,SNRFOR,USD,MR,5Y,74
12-Feb-09,FHLB,Fed Home Ln Bk,SNRFOR,USD,MR,5Y,74
13-Feb-09,FHLB,Fed Home Ln Bk,SNRFOR,USD,MR,5Y,74
16-Feb-09,FHLB,Fed Home Ln Bk,SNRFOR,USD,MR,5Y,74
17-Feb-09,FHLB,Fed Home Ln Bk,SNRFOR,USD,MR,5Y,74
18-Feb-09,FHLB,Fed Home Ln Bk,SNRFOR,USD,MR,5Y,75
19-Feb-09,FHLB,Fed Home Ln Bk,SNRFOR,USD,MR,5Y,76
20-Feb-09,FHLB,Fed Home Ln Bk,SNRFOR,USD,MR,5Y,76
23-Feb-09,FHLB,Fed Home Ln Bk,SNRFOR,USD,MR,5Y,76
24-Feb-09,FHLB,Fed Home Ln Bk,SNRFOR,USD,MR,5Y,90
25-Feb-09,FHLB,Fed Home Ln Bk,SNRFOR,USD,MR,5Y,96
26-Feb-09,FHLB,Fed Home Ln Bk,SNRFOR,USD,MR,5Y,98
27-Feb-09,FHLB,Fed Home Ln Bk,SNRFOR,USD,MR,5Y,99
2-Mar-09,FHLB,Fed Home Ln Bk,SNRFOR,USD,MR,5Y,99
3-Mar-09,FHLB,Fed Home Ln Bk,SNRFOR,USD,MR,5Y,105
4-Mar-09,FHLB,Fed Home Ln Bk,SNRFOR,USD,MR,5Y,93
6-Mar-09,FHLB,Fed Home Ln Bk,SNRFOR,USD,MR,5Y,84
9-Mar-09,FHLB,Fed Home Ln Bk,SNRFOR,USD,MR,5Y,80
10-Mar-09,FHLB,Fed Home Ln Bk,SNRFOR,USD,MR,5Y,80
11-Mar-09,FHLB,Fed Home Ln Bk,SNRFOR,USD,MR,5Y,80
12-Mar-09,FHLB,Fed Home Ln Bk,SNRFOR,USD,MR,5Y,79
13-Mar-09,FHLB,Fed Home Ln Bk,SNRFOR,USD,MR,5Y,78
16-Mar-09,FHLB,Fed Home Ln Bk,SNRFOR,USD,MR,5Y,78
17-Mar-09,FHLB,Fed Home Ln Bk,SNRFOR,USD,MR,5Y,77
18-Mar-09,FHLB,Fed Home Ln Bk,SNRFOR,USD,MR,5Y,77
19-Mar-09,FHLB,Fed Home Ln Bk,SNRFOR,USD,MR,5Y,77
20-Mar-09,FHLB,Fed Home Ln Bk,SNRFOR,USD,MR,5Y,77
23-Mar-09,FHLB,Fed Home Ln Bk,SNRFOR,USD,MR,5Y,76
24-Mar-09,FHLB,Fed Home Ln Bk,SNRFOR,USD,MR,5Y,76
25-Mar-09,FHLB,Fed Home Ln Bk,SNRFOR,USD,MR,5Y,76
26-Mar-09,FHLB,Fed Home Ln Bk,SNRFOR,USD,MR,5Y,75
27-Mar-09,FHLB,Fed Home Ln Bk,SNRFOR,USD,MR,5Y,75
30-Mar-09,FHLB,Fed Home Ln Bk,SNRFOR,USD,MR,5Y,75
31-Mar-09,FHLB,Fed Home Ln Bk,SNRFOR,USD,MR,5Y,78
1-Apr-09,FHLB,Fed Home Ln Bk,SNRFOR,USD,MR,5Y,78
2-Apr-09,FHLB,Fed Home Ln Bk,SNRFOR,USD,MR,5Y,78
3-Apr-09,FHLB,Fed Home Ln Bk,SNRFOR,USD,MR,5Y,98
6-Apr-09,FHLB,Fed Home Ln Bk,SNRFOR,USD,MR,5Y,89
7-Apr-09,FHLB,Fed Home Ln Bk,SNRFOR,USD,MR,5Y,89
8-Apr-09,FHLB,Fed Home Ln Bk,SNRFOR,USD,MR,5Y,83
9-Apr-09,FHLB,Fed Home Ln Bk,SNRFOR,USD,MR,5Y,83
10-Apr-09,FHLB,Fed Home Ln Bk,SNRFOR,USD,MR,5Y,83
13-Apr-09,FHLB,Fed Home Ln Bk,SNRFOR,USD,MR,5Y,97
14-Apr-09,FHLB,Fed Home Ln Bk,SNRFOR,USD,MR,5Y,106
15-Apr-09,FHLB,Fed Home Ln Bk,SNRFOR,USD,MR,5Y,107
16-Apr-09,FHLB,Fed Home Ln Bk,SNRFOR,USD,MR,5Y,107
17-Apr-09,FHLB,Fed Home Ln Bk,SNRFOR,USD,MR,5Y,103
20-Apr-09,FHLB,Fed Home Ln Bk,SNRFOR,USD,MR,5Y,87
21-Apr-09,FHLB,Fed Home Ln Bk,SNRFOR,USD,MR,5Y,81
22-Apr-09,FHLB,Fed Home Ln Bk,SNRFOR,USD,MR,5Y,78
23-Apr-09,FHLB,Fed Home Ln Bk,SNRFOR,USD,MR,5Y,78
24-Apr-09,FHLB,Fed Home Ln Bk,SNRFOR,USD,MR,5Y,76
27-Apr-09,FHLB,Fed Home Ln Bk,SNRFOR,USD,MR,5Y,76
28-Apr-09,FHLB,Fed Home Ln Bk,SNRFOR,USD,MR,5Y,77
29-Apr-09,FHLB,Fed Home Ln Bk,SNRFOR,USD,MR,5Y,77
30-Apr-09,FHLB,Fed Home Ln Bk,SNRFOR,USD,MR,5Y,77
1-May-09,FHLB,Fed Home Ln Bk,SNRFOR,USD,MR,5Y,86
4-May-09,FHLB,Fed Home Ln Bk,SNRFOR,USD,MR,5Y,86
5-May-09,FHLB,Fed Home Ln Bk,SNRFOR,USD,MR,5Y,86
6-May-09,FHLB,Fed Home Ln Bk,SNRFOR,USD,MR,5Y,86
7-May-09,FHLB,Fed Home Ln Bk,SNRFOR,USD,MR,5Y,87
8-May-09,FHLB,Fed Home Ln Bk,SNRFOR,USD,MR,5Y,87
